{
    "s_orthogonal": 1,
    "n_train": 400,
    "alpha": 6.0,
    "sigma": 2.0,
    "seed": 12341,
    "emp_phi": [
        0.1,
        0.12742749857031338,
        0.16237767391887217,
        0.20691380811147897,
        0.26366508987303583,
        0.33598182862837817,
        0.42813323987193935,
        0.5455594781168519,
        0.6951927961775606,
        0.8858667904100825,
        1.1288378916846888,
        1.438449888287663,
        1.8329807108324356,
        2.3357214690901213,
        2.9763514416313175,
        3.79269019073225,
        4.832930238571752,
        6.158482110660261,
        7.847599703514611,
        10.0
    ],
    "emp_sketch_risk": [
        0.44985247015368585,
        0.5717468139491269,
        0.7674340992189559,
        1.0359575904597806,
        1.4490915450080062,
        1.975982055740633,
        2.9749233780613613,
        4.832773066642759,
        9.090084967358138,
        20.18856566270064,
        20.181345872496536,
        19.91844717815119,
        21.42577014323819,
        23.634270718460773,
        25.7920014320555,
        28.043747836074342,
        29.622112170059605,
        30.946041784005214,
        32.469842073253105,
        32.77932286376979
    ],
    "emp_ridgeless_risk": [
        0.44985247015368585,
        0.5717468139491269,
        0.7674340992189559,
        1.0359575904597806,
        1.4490915450080062,
        1.975982055740633,
        2.9749233780613613,
        4.832773066642759,
        9.090084967358138,
        31.74868379920281,
        36.06982583781157,
        19.961936459819075,
        21.42577014323819,
        23.634270718460773,
        25.7920014320555,
        28.043747836074342,
        29.622112170059605,
        30.946041784005214,
        32.469842073253105,
        32.77932286376979
    ],
    "phi": [
        0.1,
        0.10985411419875583,
        0.12067926406393285,
        0.13257113655901093,
        0.14563484775012436,
        0.15998587196060582,
        0.1757510624854792,
        0.193069772888325,
        0.21209508879201905,
        0.2329951810515372,
        0.2559547922699536,
        0.281176869797423,
        0.3088843596477481,
        0.3393221771895328,
        0.372759372031494,
        0.4094915062380424,
        0.44984326689694454,
        0.49417133613238345,
        0.5428675439323859,
        0.5963623316594643,
        0.6551285568595507,
        0.7196856730011519,
        0.7906043210907697,
        0.8685113737513525,
        0.9540954763499939,
        1.0481131341546859,
        1.151395399326447,
        1.2648552168552958,
        1.3894954943731375,
        1.5264179671752334,
        1.6768329368110073,
        1.8420699693267153,
        2.0235896477251565,
        2.2229964825261943,
        2.442053094548651,
        2.6826957952797246,
        2.9470517025518097,
        3.2374575428176433,
        3.5564803062231287,
        3.9069399370546147,
        4.291934260128776,
        4.714866363457392,
        5.17947467923121,
        5.689866029018296,
        6.25055192527397,
        6.866488450042998,
        7.543120063354615,
        8.286427728546842,
        9.102981779915218,
        10.0
    ],
    "sketch_risk": [
        0.4444444444444445,
        0.48179271708683474,
        0.5454545454545454,
        0.6109510086455332,
        0.6783625730994152,
        0.7477744807121661,
        0.8484848484848485,
        0.9535603715170279,
        1.0632911392405062,
        1.211726384364821,
        1.3691275167785235,
        1.5555555555555558,
        1.7761732851985559,
        2.0377358490566038,
        2.3745019920318726,
        2.751054852320675,
        3.239819004524887,
        3.8817733990147776,
        4.743169398907104,
        5.876543209876543,
        7.5942028985507255,
        10.15929203539823,
        15.047619047619051,
        20.000099373944153,
        20.0,
        20.000068189567,
        20.000225861095423,
        20.000187474368737,
        20.0,
        20.01249024199844,
        20.43338861249309,
        21.196687370600415,
        22.11222765888643,
        23.07400838698844,
        24.02367941712204,
        24.95709769307146,
        25.83244661117924,
        26.661424782769554,
        27.43897545146028,
        28.15798625267487,
        28.82419707951623,
        29.438183783011368,
        30.00434774944873,
        30.523663003663,
        31.00190476190476,
        31.4380206751943,
        31.838433819615226,
        32.20387126597132,
        32.538717362453276,
        32.84444444444444
    ],
    "ridgeless_risk": [
        0.4444444444444445,
        0.48179271708683474,
        0.5454545454545454,
        0.6109510086455332,
        0.6783625730994152,
        0.7477744807121661,
        0.8484848484848485,
        0.9535603715170279,
        1.0632911392405062,
        1.211726384364821,
        1.3691275167785235,
        1.5555555555555558,
        1.7761732851985559,
        2.0377358490566038,
        2.3745019920318726,
        2.751054852320675,
        3.239819004524887,
        3.8817733990147776,
        4.743169398907104,
        5.876543209876543,
        7.5942028985507255,
        10.15929203539823,
        15.047619047619051,
        26.18867924528303,
        80.2105263157895,
        85.84298454967951,
        31.36231884057972,
        22.723243752946725,
        20.376634699215344,
        20.01249024199844,
        20.43338861249309,
        21.196687370600415,
        22.11222765888643,
        23.07400838698844,
        24.02367941712204,
        24.95709769307146,
        25.83244661117924,
        26.661424782769554,
        27.43897545146028,
        28.15798625267487,
        28.82419707951623,
        29.438183783011368,
        30.00434774944873,
        30.523663003663,
        31.00190476190476,
        31.4380206751943,
        31.838433819615226,
        32.20387126597132,
        32.538717362453276,
        32.84444444444444
    ]
}