{
    "s_orthogonal": 0,
    "n_train": 400,
    "alpha": 3,
    "sigma": 4,
    "seed": 12341,
    "emp_phi": [
        0.1,
        0.12742749857031338,
        0.16237767391887217,
        0.20691380811147897,
        0.26366508987303583,
        0.33598182862837817,
        0.42813323987193935,
        0.5455594781168519,
        0.6951927961775606,
        0.8858667904100825,
        1.1288378916846888,
        1.438449888287663,
        1.8329807108324356,
        2.3357214690901213,
        2.9763514416313175,
        3.79269019073225,
        4.832930238571752,
        6.158482110660261,
        7.847599703514611,
        10.0
    ],
    "emp_sketch_risk": [
        1.7994098808806733,
        2.286987256381118,
        3.069736396965407,
        4.143830361844368,
        5.796366180011004,
        7.903928223243301,
        9.595403033134579,
        9.432498141986363,
        9.47709953250039,
        9.187272154002637,
        9.167905713192583,
        9.204897903088765,
        9.119929556351938,
        9.070194297651462,
        8.995650984655104,
        9.114974664376952,
        9.054496726543158,
        9.031165724666472,
        9.137308247456938,
        9.020592663250584
    ],
    "emp_ridgeless_risk": [
        1.7994098808806733,
        2.286987256381118,
        3.069736396965407,
        4.143830361844368,
        5.796366180011004,
        7.903928223243301,
        11.899693513220857,
        19.33109226651371,
        36.36033987225903,
        126.99473519748197,
        128.479881706352,
        38.94685281640697,
        23.48099546098819,
        17.143406361369554,
        14.02161857737299,
        12.390197876242306,
        11.307807048524763,
        10.633040280542765,
        10.270230833455551,
        9.839527287436445
    ],
    "phi": [
        0.1,
        0.10985411419875583,
        0.12067926406393285,
        0.13257113655901093,
        0.14563484775012436,
        0.15998587196060582,
        0.1757510624854792,
        0.193069772888325,
        0.21209508879201905,
        0.2329951810515372,
        0.2559547922699536,
        0.281176869797423,
        0.3088843596477481,
        0.3393221771895328,
        0.372759372031494,
        0.4094915062380424,
        0.44984326689694454,
        0.49417133613238345,
        0.5428675439323859,
        0.5963623316594643,
        0.6551285568595507,
        0.7196856730011519,
        0.7906043210907697,
        0.8685113737513525,
        0.9540954763499939,
        1.0481131341546859,
        1.151395399326447,
        1.2648552168552958,
        1.3894954943731375,
        1.5264179671752334,
        1.6768329368110073,
        1.8420699693267153,
        2.0235896477251565,
        2.2229964825261943,
        2.442053094548651,
        2.6826957952797246,
        2.9470517025518097,
        3.2374575428176433,
        3.5564803062231287,
        3.9069399370546147,
        4.291934260128776,
        4.714866363457392,
        5.17947467923121,
        5.689866029018296,
        6.25055192527397,
        6.866488450042998,
        7.543120063354615,
        8.286427728546842,
        9.102981779915218,
        10.0
    ],
    "sketch_risk": [
        1.777777777777778,
        1.927170868347339,
        2.1818181818181817,
        2.443804034582133,
        2.7134502923976607,
        2.9910979228486645,
        3.393939393939394,
        3.8142414860681115,
        4.253164556962025,
        4.846905537459284,
        5.476510067114094,
        6.222222222222223,
        7.1046931407942235,
        8.150943396226415,
        9.547052291053063,
        9.493604394723125,
        9.44395226604079,
        9.398762181383859,
        9.358200316124579,
        9.32360312546071,
        9.291409184538955,
        9.264028478345638,
        9.238065690411187,
        9.215411453834907,
        9.195046373920242,
        9.176400907971594,
        9.159903381642513,
        9.145014501450145,
        9.131415819489213,
        9.11912568306011,
        9.108095884215286,
        9.098103066235478,
        9.089001858008544,
        9.080787683109577,
        9.073418355225197,
        9.066640423146083,
        9.060585622252715,
        9.055058814466001,
        9.05002330835156,
        9.045474345605026,
        9.041339082956902,
        9.037587975243147,
        9.034174950349446,
        9.031079737040002,
        9.028257028112451,
        9.02570458678865,
        9.0233782206781,
        9.021268636542308,
        9.019346511935922,
        9.017600250626568
    ],
    "ridgeless_risk": [
        1.777777777777778,
        1.927170868347339,
        2.1818181818181817,
        2.443804034582133,
        2.7134502923976607,
        2.9910979228486645,
        3.393939393939394,
        3.8142414860681115,
        4.253164556962025,
        4.846905537459284,
        5.476510067114094,
        6.222222222222223,
        7.1046931407942235,
        8.150943396226415,
        9.49800796812749,
        11.0042194092827,
        12.959276018099548,
        15.52709359605911,
        18.972677595628415,
        23.50617283950617,
        30.376811594202902,
        40.63716814159292,
        60.190476190476204,
        104.75471698113212,
        320.842105263158,
        337.25021982162974,
        107.840579710145,
        62.823668081093835,
        43.80383609415868,
        33.57455113192819,
        27.330569375345494,
        23.15631469979296,
        20.197983565088357,
        18.038440747053855,
        16.422586520947178,
        15.154579029508579,
        14.170193915005608,
        13.376765591665544,
        12.730585350144914,
        12.20300775077629,
        11.765319786596383,
        11.399949986156884,
        11.091751210252667,
        10.83091575091575,
        10.607619047619046,
        10.417049925831822,
        10.25231002158321,
        10.109993211139365,
        9.985959809604372,
        9.877777777777776
    ]
}