{
    "s_orthogonal": 0,
    "n_train": 400,
    "alpha": 3,
    "sigma": 4,
    "seed": 12341,
    "emp_phi": [
        0.1,
        0.11253355826007651,
        0.12663801734674032,
        0.14251026703029981,
        0.160371874375133,
        0.18047217668271703,
        0.20309176209047358,
        0.22854638641349906,
        0.2571913809059345,
        0.289426612471675,
        0.3257020655659783,
        0.3665241237079628,
        0.41246263829013524,
        0.46415888336127786,
        0.5223345074266842,
        0.5878016072274912,
        0.6614740641230149,
        0.7443803013251689,
        0.8376776400682918,
        0.9426684551178852,
        1.0608183551394483,
        1.1937766417144364,
        1.3433993325989002,
        1.5117750706156623,
        1.7012542798525891,
        1.9144819761699576,
        2.1544346900318834,
        2.424462017082328,
        2.728333376486768,
        3.07029062975785,
        3.455107294592218,
        3.8881551803080874,
        4.3754793750741845,
        4.923882631706739,
        5.541020330009492,
        6.235507341273912,
        7.017038286703826,
        7.896522868499725,
        8.886238162743403,
        10.0
    ],
    "emp_sketch_risk": [
        1.7994098808806733,
        2.023052976327546,
        2.286987256381118,
        2.669948126410062,
        3.069736396965407,
        3.485534345912744,
        4.098056151378392,
        4.712954893791393,
        5.433773889172779,
        6.557740403303267,
        7.712659283017187,
        9.777175153181874,
        9.631093785573244,
        9.393120434850713,
        9.48728545704848,
        9.44575269459493,
        9.360566292115813,
        9.217855964290822,
        9.196239956589649,
        9.199601689862288,
        9.190598280432738,
        9.139428657514678,
        9.13976402128433,
        9.034285235713764,
        9.109116739958997,
        9.20219191016028,
        9.138712805944573,
        9.126779910710413,
        9.038527618975026,
        9.059042939578823,
        9.082397166558895,
        9.017092913212306,
        9.031365503366331,
        9.060560659385196,
        9.009709136947563,
        9.155507195651102,
        9.082482911858841,
        9.030685396200278,
        8.95935674115265,
        9.035371510231545
    ],
    "emp_ridgeless_risk": [
        1.7994098808806733,
        2.023052976327546,
        2.286987256381118,
        2.669948126410062,
        3.069736396965407,
        3.485534345912744,
        4.098056151378392,
        4.712954893791393,
        5.433773889172779,
        6.557740403303267,
        7.712659283017187,
        9.188445780899805,
        11.012392874952322,
        13.916724772041148,
        17.526852764613125,
        22.887362210407446,
        31.307582472843766,
        46.3726417023793,
        83.58802493242952,
        274.388586354184,
        282.3308569077811,
        83.92948126844851,
        49.51212850578428,
        34.96363253576941,
        26.42597818315775,
        21.771375206959537,
        18.62703164280069,
        16.729457318909912,
        14.974848549288108,
        13.930426734781532,
        13.083075105533458,
        12.153912573909151,
        11.567984419597312,
        11.225287749443833,
        10.811657823597203,
        11.058806850438044,
        10.461659675181767,
        10.161949100497733,
        9.977734510213446,
        9.839527287436445
    ],
    "phi": [
        0.1,
        0.10600258488068821,
        0.1123654800138751,
        0.11911031332830067,
        0.12626001098748563,
        0.1338388753173757,
        0.14187266741165966,
        0.150388694695541,
        0.15941590374559989,
        0.16898497868124573,
        0.1791284454622004,
        0.18988078244652623,
        0.20127853758499395,
        0.21336045265014109,
        0.22616759492228639,
        0.23974349678010773,
        0.25413430367026363,
        0.2693889309590172,
        0.28555923019901075,
        0.30270016537634625,
        0.320869999737045,
        0.3401304938279251,
        0.3605471154250503,
        0.3821892620633119,
        0.4051304969235381,
        0.42944879887892745,
        0.45522682755073096,
        0.48255220427412776,
        0.5115178099293143,
        0.5422221006501587,
        0.5747694424835351,
        0.6092704661368677,
        0.645842443019698,
        0.6846096838574658,
        0.7257039612324214,
        0.769264957487914,
        0.8154407395185161,
        0.8643882620598268,
        0.9162739011886736,
        0.9712740198471168,
        1.0295755673125127,
        1.0913767146512732,
        1.156887528316282,
        1.2263306841775632,
        1.2999422244132455,
        1.3779723598335576,
        1.460686320364989,
        1.5483652565854984,
        1.6413071953751293,
        1.739828052930364,
        1.8442627085855348,
        1.9549661430912606,
        2.0723146452190293,
        2.196707090793235,
        2.3285662984981954,
        2.4683404670686486,
        2.616504698748821,
        2.7735626141984135,
        2.940048064334709,
        3.11652694492943,
        3.3035991201283377,
        3.501900461431711,
        3.7121050090663608,
        3.934927263095849,
        4.171124612056518,
        4.4214999073744865,
        4.686904192314192,
        4.968239594734385,
        5.266462393484278,
        5.582586268862695,
        5.917685748188822,
        6.272899858196247,
        6.649435996665045,
        7.048574036451903,
        7.471670675868078,
        7.9201640501925485,
        8.395578619995112,
        8.899530352885229,
        9.433732216299774,
        10.0
    ],
    "sketch_risk": [
        1.777777777777778,
        1.877094972067039,
        1.9775280898876404,
        2.130311614730878,
        2.2857142857142856,
        2.443804034582133,
        2.604651162790698,
        2.823529411764706,
        2.9910979228486645,
        3.2192192192192195,
        3.4528875379939206,
        3.6923076923076925,
        4.0,
        4.317460317460317,
        4.645161290322581,
        4.983606557377049,
        5.404682274247492,
        5.843003412969284,
        6.377622377622377,
        6.939068100358423,
        7.529411764705883,
        8.242424242424244,
        9.0,
        9.534655300222388,
        9.497076023391813,
        9.467473030402092,
        9.43572706363404,
        9.407995696367394,
        9.383565797453002,
        9.360032362459547,
        9.337580506869255,
        9.316324908599587,
        9.296324081020256,
        9.278694689341076,
        9.261083743842365,
        9.245560929600016,
        9.23025549429215,
        9.216742375081116,
        9.203536562902928,
        9.191321660393825,
        9.180024391575806,
        9.16916483611147,
        9.159177106079762,
        9.149659863945578,
        9.140931442134072,
        9.132409230738265,
        9.124636055558208,
        9.117329980290261,
        9.110482896624632,
        9.104080239458067,
        9.097965841668238,
        9.092285821994816,
        9.086903369830976,
        9.081826102474203,
        9.077053965765973,
        9.072581222214271,
        9.068398089430593,
        9.064432704212617,
        9.060690657051843,
        9.057218698540831,
        9.053914036646763,
        9.05082219938335,
        9.04790126798012,
        9.045151730721438,
        9.042544974876552,
        9.04010753684514,
        9.037811296210625,
        9.035636289396505,
        9.033600835127553,
        9.031670285753771,
        9.029860088305847,
        9.02815474535769,
        9.026552839981198,
        9.025033557191065,
        9.023606851853351,
        9.022255886924983,
        9.02098805754976,
        9.019795119758376,
        9.018665569219566,
        9.017600250626568
    ],