{
    "s_orthogonal": 1,
    "n_train": 400,
    "alpha": 6.0,
    "sigma": 2.0,
    "seed": 12341,
    "emp_phi": [
        0.1,
        0.11253355826007651,
        0.12663801734674032,
        0.14251026703029981,
        0.160371874375133,
        0.18047217668271703,
        0.20309176209047358,
        0.22854638641349906,
        0.2571913809059345,
        0.289426612471675,
        0.3257020655659783,
        0.3665241237079628,
        0.41246263829013524,
        0.46415888336127786,
        0.5223345074266842,
        0.5878016072274912,
        0.6614740641230149,
        0.7443803013251689,
        0.8376776400682918,
        0.9426684551178852,
        1.0608183551394483,
        1.1937766417144364,
        1.3433993325989002,
        1.5117750706156623,
        1.7012542798525891,
        1.9144819761699576,
        2.1544346900318834,
        2.424462017082328,
        2.728333376486768,
        3.07029062975785,
        3.455107294592218,
        3.8881551803080874,
        4.3754793750741845,
        4.923882631706739,
        5.541020330009492,
        6.235507341273912,
        7.017038286703826,
        7.896522868499725,
        8.886238162743403,
        10.0
    ],
    "emp_sketch_risk": [
        0.44985247015368585,
        0.5057632441231018,
        0.5717468139491269,
        0.66748703158407,
        0.7674340992189559,
        0.871383586491492,
        1.0245140378268243,
        1.1782387234458864,
        1.3584434724770362,
        1.63943510093566,
        1.9281648206638324,
        2.2971114458330053,
        2.753098218687996,
        3.479181193015403,
        4.3817131912819764,
        5.721840551294108,
        7.826895618450776,
        11.593160427563848,
        20.07199622041985,
        20.267166739774098,
        19.962456078889694,
        20.003281697501357,
        19.95586268853938,
        20.240577385268853,
        20.566854018088502,
        21.664150808174245,
        22.680799128333643,
        24.029760815386474,
        25.05015192955809,
        26.29708480411769,
        27.55701885179561,
        28.082982893025896,
        28.77702783299501,
        29.763742171789108,
        30.155641688564497,
        31.965698867455956,
        31.724646118480944,
        31.995928060225246,
        32.3568751396555,
        32.77932286376979
    ],
    "emp_ridgeless_risk": [
        0.44985247015368585,
        0.5057632441231018,
        0.5717468139491269,
        0.66748703158407,
        0.7674340992189559,
        0.871383586491492,
        1.0245140378268243,
        1.1782387234458864,
        1.3584434724770362,
        1.63943510093566,
        1.9281648206638324,
        2.2971114458330053,
        2.753098218687996,
        3.479181193015403,
        4.3817131912819764,
        5.721840551294108,
        7.826895618450776,
        11.593160427563848,
        20.897006237687382,
        68.59714659845102,
        72.421449032139,
        26.52794438563485,
        20.934441516372594,
        20.240577385268853,
        20.566854018088502,
        21.664150808174245,
        22.680799128333643,
        24.029760815386474,
        25.05015192955809,
        26.29708480411769,
        27.55701885179561,
        28.082982893025896,
        28.77702783299501,
        29.763742171789108,
        30.155641688564497,
        31.965698867455956,
        31.724646118480944,
        31.995928060225246,
        32.3568751396555,
        32.77932286376979
    ],
    "phi": [
        0.1,
        0.10394574653722628,
        0.10804718223181288,
        0.11231045018329522,
        0.11674193588234581,
        0.1213482767749144,
        0.12613637220374432,
        0.13111339374215644,
        0.1362867959355774,
        0.1416643274669021,
        0.14725404276241227,
        0.15306431405563586,
        0.15910384392721524,
        0.16538167833956727,
        0.17190722018585747,
        0.17869024337358286,
        0.18574090746385719,
        0.193069772888325,
        0.20068781676649675,
        0.20860644934719577,
        0.2168375310987434,
        0.22539339047347906,
        0.23428684237322328,
        0.2435312073433415,
        0.25314033152415677,
        0.2631286073895943,
        0.27351099530412093,
        0.28430304593026634,
        0.2955209235202887,
        0.30718143012686966,
        0.31930203076910274,
        0.33190087959146775,
        0.34499684705497163,
        0.35860954820118307,
        0.372759372031494,
        0.38746751204561314,
        0.40275599798502965,
        0.41864772882899515,
        0.4351665070924416,
        0.4523370744772102,
        0.4701851489299853,
        0.4887374631624425,
        0.508021804691302,
        0.5280670574582635,
        0.5489032450921556,
        0.5705615758781021,
        0.5930744895010559,
        0.6164757056337162,
        0.6408002744415999,
        0.6660846290809157,
        0.6923666402678725,
        0.7196856730011519,
        0.7480826455225086,
        0.7776000906038036,
        0.8082822192522716,
        0.8401749869294337,
        0.8733261623828433,
        0.9077853991937553,
        0.9436043101478888,
        0.9808365445406668,
        1.01953786853273,
        1.0597662486760708,
        1.1015819387358996,
        1.1450475699382818,
        1.190228244778715,
        1.23719163453216,
        1.2860080806105665,
        1.3367506999197079,
        1.3894954943731375,
        1.4443214647272804,
        1.5013107289081735,
        1.560548645007074,
        1.622123939129172,
        1.6861288382868795,
        1.7526592085367585,
        1.8218146985669748,
        1.8936988889503603,
        1.9684194472866112,
        2.046088289466012,
        2.1268217472962094,
        2.2107407427431247,
        2.2979709690469625,
        2.388643078984598,
        2.4828928805603274,
        2.580861540418074,
        2.682695795279726,
        2.78854817172629,
        2.8985772146510667,
        3.0129477247269905,
        3.1318310052438445,
        3.255405118685032,
        3.3838551534282333,
        3.5173735009693803,
        3.6561601440851956,
        3.800422956365884,
        3.9503780135666426,
        4.106249917244298,
        4.268272131163821,
        4.436687330978611,
        4.611747767708256,
        4.793715645558216,
        4.9828635146473035,
        5.17947467923121,
        5.383843622033487,
        5.596276445319552,
        5.817091329374358,
        6.046619009070436,
        6.285203269240097,
        6.533201459593774,
        6.79098502995571,
        7.058940086618741,
        7.337467970651377,
        7.626985859023444,
        7.9279273894505975,
        8.240743309893658,
        8.565902153685496,
        8.90389094129673,
        9.25521590979135,
        9.620403271064756,
        10.0
    ],