{
    "s_orthogonal": 1,
    "n_train": 400,
    "alpha": 6,
    "sigma": 3,
    "seed": 12341,
    "emp_psi": [
        0.11,
        0.15222222222222223,
        0.19444444444444445,
        0.2366666666666667,
        0.2788888888888889,
        0.3211111111111111,
        0.36333333333333334,
        0.40555555555555556,
        0.4477777777777778,
        0.49,
        0.51,
        0.5644444444444444,
        0.6188888888888889,
        0.6733333333333333,
        0.7277777777777777,
        0.7822222222222222,
        0.8366666666666667,
        0.8911111111111111,
        0.9455555555555555,
        1.0
    ],
    "emp_sketch_risk": [
        43.738137521972284,
        40.89531429880189,
        37.89355429433468,
        35.66234014308658,
        34.406617174098194,
        34.79087552411211,
        38.103172257963784,
        49.13115457185633,
        85.7911995765368,
        628.8511566456385,
        573.8314907150345,
        72.33593477408814,
        38.087397929046844,
        26.215751102553906,
        19.96733982590965,
        16.269366042280804,
        13.70797849659618,
        11.676218146154817,
        10.241704363025578,
        9.092131185467222
    ],
    "psi": [
        0.01,
        0.03,
        0.05,
        0.06999999999999999,
        0.09,
        0.11,
        0.13,
        0.15000000000000002,
        0.17,
        0.19,
        0.21000000000000002,
        0.23,
        0.25,
        0.27,
        0.29000000000000004,
        0.31,
        0.33,
        0.35000000000000003,
        0.37,
        0.39,
        0.41000000000000003,
        0.43,
        0.45,
        0.47000000000000003,
        0.49,
        0.51,
        0.5304166666666666,
        0.5508333333333333,
        0.57125,
        0.5916666666666667,
        0.6120833333333333,
        0.6325000000000001,
        0.6529166666666667,
        0.6733333333333333,
        0.69375,
        0.7141666666666666,
        0.7345833333333334,
        0.755,
        0.7754166666666666,
        0.7958333333333334,
        0.81625,
        0.8366666666666667,
        0.8570833333333333,
        0.8775,
        0.8979166666666667,
        0.9183333333333333,
        0.93875,
        0.9591666666666667,
        0.9795833333333334,
        1.0
    ],
    "sketch_risk": [
        53.00594786362082,
        51.05507253398035,
        49.157592852855466,
        47.5451324679512,
        45.544358721730525,
        43.84188529183928,
        42.2199277345521,
        40.68906417646074,
        39.262355496486606,
        37.95616001102989,
        36.79128628538075,
        35.79465910887781,
        35.00178566873416,
        34.46050861916761,
        34.2369035591025,
        34.424900566082734,
        35.162696199527296,
        36.66229328806935,
        39.26630567352973,
        43.56672835736618,
        50.68206332178829,
        63.00951210422384,
        86.78242189924325,
        144.85750178952406,
        442.948592274091,
        449.99999999999903,
        149.99999999999972,
        89.99999999999997,
        64.28571428571432,
        50.00000000000003,
        40.909090909090914,
        33.96226415094342,
        29.50819672131148,
        26.08695652173914,
        23.37662337662338,
        21.17647058823529,
        19.354838709677413,
        17.647058823529417,
        16.363636363636363,
        15.25423728813559,
        14.285714285714286,
        13.432835820895525,
        12.676056338028168,
        11.920529801324504,
        11.320754716981133,
        10.778443113772457,
        10.285714285714285,
        9.836065573770489,
        9.42408376963351,
        9.0
    ]
}