{
    "s_orthogonal": 1,
    "n_train": 400,
    "alpha": 3,
    "sigma": 3,
    "seed": 12341,
    "emp_psi": [
        0.11,
        0.15222222222222223,
        0.19444444444444445,
        0.2366666666666667,
        0.2788888888888889,
        0.3211111111111111,
        0.36333333333333334,
        0.40555555555555556,
        0.4477777777777778,
        0.49,
        0.51,
        0.5644444444444444,
        0.6188888888888889,
        0.6733333333333333,
        0.7277777777777777,
        0.7822222222222222,
        0.8366666666666667,
        0.8911111111111111,
        0.9455555555555555,
        1.0
    ],
    "emp_risk": [
        12.988608603134905,
        13.416228956333537,
        14.06196830132253,
        15.307981471923485,
        17.406055297484016,
        21.12684419722644,
        27.827048927872355,
        42.05879496330256,
        81.8490583717502,
        628.0172382294029,
        573.831477782084,
        72.33593470112379,
        38.087397914933895,
        26.215751100249683,
        19.96733982523005,
        16.269366041052216,
        13.707978495849453,
        11.676218145999941,
        10.241704362872108,
        9.092131185265837
    ],
    "psi": [
        0.01,
        0.03,
        0.05,
        0.06999999999999999,
        0.09,
        0.11,
        0.13,
        0.15000000000000002,
        0.17,
        0.19,
        0.21000000000000002,
        0.23,
        0.25,
        0.27,
        0.29000000000000004,
        0.31,
        0.33,
        0.35000000000000003,
        0.37,
        0.39,
        0.41000000000000003,
        0.43,
        0.45,
        0.47000000000000003,
        0.49,
        0.51,
        0.5304166666666666,
        0.5508333333333333,
        0.57125,
        0.5916666666666667,
        0.6120833333333333,
        0.6325000000000001,
        0.6529166666666667,
        0.6733333333333333,
        0.69375,
        0.7141666666666666,
        0.7345833333333334,
        0.755,
        0.7754166666666666,
        0.7958333333333334,
        0.81625,
        0.8366666666666667,
        0.8570833333333333,
        0.8775,
        0.8979166666666667,
        0.9183333333333333,
        0.93875,
        0.9591666666666667,
        0.9795833333333334,
        1.0
    ],
    "risk": [
        13.404340784818787,
        13.240483265880846,
        13.116725936312623,
        13.045121056771569,
        13.009824244507314,
        13.039398297623974,
        13.135072971347693,
        13.307207419395041,
        13.568672871856824,
        13.935669411882795,
        14.428880578984906,
        15.075140790344225,
        15.909902576697228,
        16.980990300634033,
        18.354497852706665,
        20.124409966935755,
        22.42901357489785,
        25.48043653100364,
        29.62145091032533,
        35.44424136315088,
        44.06752884456509,
        57.88876084951278,
        83.1415549826995,
        142.68291252142456,
        442.226985195289,
        449.99999999999903,
        149.99999999999972,
        89.99999999999997,
        64.28571428571432,
        50.00000000000003,
        40.909090909090914,
        33.96226415094342,
        29.50819672131148,
        26.08695652173914,
        23.37662337662338,
        21.17647058823529,
        19.354838709677413,
        17.647058823529417,
        16.363636363636363,
        15.25423728813559,
        14.285714285714286,
        13.432835820895525,
        12.676056338028168,
        11.920529801324504,
        11.320754716981133,
        10.778443113772457,
        10.285714285714285,
        9.836065573770489,
        9.42408376963351,
        9.0
    ]
}