{
    "s_orthogonal": 1,
    "n_train": 400,
    "alpha": 9,
    "sigma": 3,
    "seed": 12341,
    "emp_psi": [
        0.11,
        0.15222222222222223,
        0.19444444444444445,
        0.2366666666666667,
        0.2788888888888889,
        0.3211111111111111,
        0.36333333333333334,
        0.40555555555555556,
        0.4477777777777778,
        0.49,
        0.51,
        0.5644444444444444,
        0.6188888888888889,
        0.6733333333333333,
        0.7277777777777777,
        0.7822222222222222,
        0.8366666666666667,
        0.8911111111111111,
        0.9455555555555555,
        1.0
    ],
    "emp_risk": [
        94.98403956369044,
        86.63433826267891,
        77.57597481287569,
        69.54816119326259,
        62.68341571581321,
        57.50010469381715,
        55.24661957769737,
        60.96518240332324,
        92.33084745340328,
        630.1675199842214,
        573.8315036480226,
        72.33593484705248,
        38.08739794315978,
        26.21575110485813,
        19.967339826589253,
        16.269366043509397,
        13.707978497342909,
        11.676218146309692,
        10.241704363179046,
        9.092131185668604
    ],
    "psi": [
        0.01,
        0.03,
        0.05,
        0.06999999999999999,
        0.09,
        0.11,
        0.13,
        0.15000000000000002,
        0.17,
        0.19,
        0.21000000000000002,
        0.23,
        0.25,
        0.27,
        0.29000000000000004,
        0.31,
        0.33,
        0.35000000000000003,
        0.37,
        0.39,
        0.41000000000000003,
        0.43,
        0.45,
        0.47000000000000003,
        0.49,
        0.51,
        0.5304166666666666,
        0.5508333333333333,
        0.57125,
        0.5916666666666667,
        0.6120833333333333,
        0.6325000000000001,
        0.6529166666666667,
        0.6733333333333333,
        0.69375,
        0.7141666666666666,
        0.7345833333333334,
        0.755,
        0.7754166666666666,
        0.7958333333333334,
        0.81625,
        0.8366666666666667,
        0.8570833333333333,
        0.8775,
        0.8979166666666667,
        0.9183333333333333,
        0.93875,
        0.9591666666666667,
        0.9795833333333334,
        1.0
    ],
    "risk": [
        119.00862632829086,
        114.07938798081287,
        109.22570438042686,
        105.0451514865839,
        99.76858285043586,
        95.17936361553147,
        90.6946856732261,
        86.32549210490355,
        82.08515987086957,
        77.99031100960838,
        74.06196246270714,
        70.32718963976711,
        66.82159082212904,
        63.59303915005691,
        60.7075797364289,
        58.259051564661036,
        56.3855005739097,
        55.29872121651219,
        55.34106361220373,
        57.10420668105834,
        61.70628745049364,
        71.54409752874227,
        92.85053342681614,
        148.4818172363566,
        444.15127073876107,
        449.99999999999903,
        149.99999999999972,
        89.99999999999997,
        64.28571428571432,
        50.00000000000003,
        40.909090909090914,
        33.96226415094342,
        29.50819672131148,
        26.08695652173914,
        23.37662337662338,
        21.17647058823529,
        19.354838709677413,
        17.647058823529417,
        16.363636363636363,
        15.25423728813559,
        14.285714285714286,
        13.432835820895525,
        12.676056338028168,
        11.920529801324504,
        11.320754716981133,
        10.778443113772457,
        10.285714285714285,
        9.836065573770489,
        9.42408376963351,
        9.0
    ]
}