{
    "s_orthogonal": 0,
    "n_train": 400,
    "alpha": 3,
    "sigma": 3,
    "seed": 12341,
    "emp_psi": [
        0.11,
        0.15222222222222223,
        0.19444444444444445,
        0.2366666666666667,
        0.2788888888888889,
        0.3211111111111111,
        0.36333333333333334,
        0.40555555555555556,
        0.4477777777777778,
        0.49,
        0.51,
        0.5644444444444444,
        0.6188888888888889,
        0.6733333333333333,
        0.7277777777777777,
        0.7822222222222222,
        0.8366666666666667,
        0.8911111111111111,
        0.9455555555555555,
        1.0
    ],
    "emp_sketch_risk": [
        13.025212481207902,
        13.303872432488275,
        13.90720220342734,
        15.214892618944265,
        17.548267856666353,
        21.62529117066522,
        28.773918493455668,
        43.30760994627871,
        84.60079067577918,
        603.3650374271458,
        576.9187647753108,
        83.5786552735587,
        48.958636579010275,
        35.90184750898235,
        29.235136344970016,
        25.482046336121073,
        22.77953709630861,
        20.717701026705917,
        19.224187283006387,
        18.13005821495798
    ],
    "psi": [
        0.01,
        0.03,
        0.05,
        0.06999999999999999,
        0.09,
        0.11,
        0.13,
        0.15000000000000002,
        0.17,
        0.19,
        0.21000000000000002,
        0.23,
        0.25,
        0.27,
        0.29000000000000004,
        0.31,
        0.33,
        0.35000000000000003,
        0.37,
        0.39,
        0.41000000000000003,
        0.43,
        0.45,
        0.47000000000000003,
        0.49,
        0.51,
        0.5304166666666666,
        0.5508333333333333,
        0.57125,
        0.5916666666666667,
        0.6120833333333333,
        0.6325000000000001,
        0.6529166666666667,
        0.6733333333333333,
        0.69375,
        0.7141666666666666,
        0.7345833333333334,
        0.755,
        0.7754166666666666,
        0.7958333333333334,
        0.81625,
        0.8366666666666667,
        0.8570833333333333,
        0.8775,
        0.8979166666666667,
        0.9183333333333333,
        0.93875,
        0.9591666666666667,
        0.9795833333333334,
        1.0
    ],
    "sketch_risk": [
        13.404340784818787,
        13.240483265880846,
        13.116725936312623,
        13.045121056771569,
        13.009824244507314,
        13.039398297623974,
        13.135072971347693,
        13.307207419395041,
        13.568672871856824,
        13.935669411882795,
        14.428880578984906,
        15.075140790344225,
        15.909902576697228,
        16.980990300634033,
        18.354497852706665,
        20.124409966935755,
        22.42901357489785,
        25.48043653100364,
        29.62145091032533,
        35.44424136315088,
        44.06752884456509,
        57.88876084951278,
        83.1415549826995,
        142.68291252142456,
        442.226985195289,
        458.99999999999903,
        158.99999999999972,
        98.99999999999997,
        73.2857142857143,
        59.00000000000003,
        49.909090909090914,
        42.96226415094342,
        38.50819672131148,
        35.08695652173914,
        32.37662337662338,
        30.17647058823529,
        28.354838709677413,
        26.647058823529413,
        25.363636363636367,
        24.25423728813559,
        23.28571428571429,
        22.432835820895527,
        21.676056338028168,
        20.920529801324506,
        20.320754716981135,
        19.77844311377246,
        19.285714285714285,
        18.836065573770487,
        18.42408376963351,
        18.0
    ]
}