{
    "s_orthogonal": 0,
    "n_train": 400,
    "alpha": 9,
    "sigma": 3,
    "seed": 12341,
    "emp_psi": [
        0.11,
        0.15222222222222223,
        0.19444444444444445,
        0.2366666666666667,
        0.2788888888888889,
        0.3211111111111111,
        0.36333333333333334,
        0.40555555555555556,
        0.4477777777777778,
        0.49,
        0.51,
        0.5644444444444444,
        0.6188888888888889,
        0.6733333333333333,
        0.7277777777777777,
        0.7822222222222222,
        0.8366666666666667,
        0.8911111111111111,
        0.9455555555555555,
        1.0
    ],
    "emp_risk": [
        95.23949985902753,
        86.68475719130902,
        77.29306924234923,
        69.40690777091176,
        62.59905894439437,
        57.79279031000337,
        56.458113382786415,
        62.6944190213136,
        94.90142694220783,
        604.8443452060316,
        576.9187100771381,
        83.57865510492655,
        48.958636518150236,
        35.901847493908456,
        29.235136337393538,
        25.482046327759033,
        22.779537090225816,
        20.717701022805887,
        19.224187280794105,
        18.130058214467937
    ],
    "psi": [
        0.01,
        0.03,
        0.05,
        0.06999999999999999,
        0.09,
        0.11,
        0.13,
        0.15000000000000002,
        0.17,
        0.19,
        0.21000000000000002,
        0.23,
        0.25,
        0.27,
        0.29000000000000004,
        0.31,
        0.33,
        0.35000000000000003,
        0.37,
        0.39,
        0.41000000000000003,
        0.43,
        0.45,
        0.47000000000000003,
        0.49,
        0.51,
        0.5304166666666666,
        0.5508333333333333,
        0.57125,
        0.5916666666666667,
        0.6120833333333333,
        0.6325000000000001,
        0.6529166666666667,
        0.6733333333333333,
        0.69375,
        0.7141666666666666,
        0.7345833333333334,
        0.755,
        0.7754166666666666,
        0.7958333333333334,
        0.81625,
        0.8366666666666667,
        0.8570833333333333,
        0.8775,
        0.8979166666666667,
        0.9183333333333333,
        0.93875,
        0.9591666666666667,
        0.9795833333333334,
        1.0
    ],
    "risk": [
        119.00862632829086,
        114.07938798081287,
        109.22570438042686,
        105.0451514865839,
        99.76858285043586,
        95.17936361553147,
        90.6946856732261,
        86.32549210490355,
        82.08515987086957,
        77.99031100960838,
        74.06196246270714,
        70.32718963976711,
        66.82159082212904,
        63.59303915005691,
        60.7075797364289,
        58.259051564661036,
        56.3855005739097,
        55.29872121651219,
        55.34106361220373,
        57.10420668105834,
        61.70628745049364,
        71.54409752874227,
        92.85053342681614,
        148.4818172363566,
        444.15127073876107,
        458.99999999999903,
        158.99999999999972,
        98.99999999999997,
        73.2857142857143,
        59.00000000000003,
        49.909090909090914,
        42.96226415094342,
        38.50819672131148,
        35.08695652173914,
        32.37662337662338,
        30.17647058823529,
        28.354838709677413,
        26.647058823529413,
        25.363636363636367,
        24.25423728813559,
        23.28571428571429,
        22.432835820895527,
        21.676056338028168,
        20.920529801324506,
        20.320754716981135,
        19.77844311377246,
        19.285714285714285,
        18.836065573770487,
        18.42408376963351,
        18.0
    ]
}