{
    "s_orthogonal": 0,
    "n_train": 400,
    "alpha": 6,
    "sigma": 3,
    "seed": 12341,
    "emp_psi": [
        0.11,
        0.15222222222222223,
        0.19444444444444445,
        0.2366666666666667,
        0.2788888888888889,
        0.3211111111111111,
        0.36333333333333334,
        0.40555555555555556,
        0.4477777777777778,
        0.49,
        0.51,
        0.5644444444444444,
        0.6188888888888889,
        0.6733333333333333,
        0.7277777777777777,
        0.7822222222222222,
        0.8366666666666667,
        0.8911111111111111,
        0.9455555555555555,
        1.0
    ],
    "emp_risk": [
        43.84469438592935,
        40.80292426996497,
        37.653399943991154,
        35.520455142044895,
        34.421230323167876,
        35.19485928200913,
        39.144948356980386,
        50.57113981266857,
        88.42624698559425,
        603.861818133759,
        576.9187374260953,
        83.5786551892424,
        48.95863654858021,
        35.90184750144541,
        29.235136341181786,
        25.482046331940058,
        22.77953709326721,
        20.7177010247559,
        19.224187281900246,
        18.130058214712953
    ],
    "psi": [
        0.01,
        0.03,
        0.05,
        0.06999999999999999,
        0.09,
        0.11,
        0.13,
        0.15000000000000002,
        0.17,
        0.19,
        0.21000000000000002,
        0.23,
        0.25,
        0.27,
        0.29000000000000004,
        0.31,
        0.33,
        0.35000000000000003,
        0.37,
        0.39,
        0.41000000000000003,
        0.43,
        0.45,
        0.47000000000000003,
        0.49,
        0.51,
        0.5304166666666666,
        0.5508333333333333,
        0.57125,
        0.5916666666666667,
        0.6120833333333333,
        0.6325000000000001,
        0.6529166666666667,
        0.6733333333333333,
        0.69375,
        0.7141666666666666,
        0.7345833333333334,
        0.755,
        0.7754166666666666,
        0.7958333333333334,
        0.81625,
        0.8366666666666667,
        0.8570833333333333,
        0.8775,
        0.8979166666666667,
        0.9183333333333333,
        0.93875,
        0.9591666666666667,
        0.9795833333333334,
        1.0
    ],
    "risk": [
        53.00594786362082,
        51.05507253398035,
        49.157592852855466,
        47.5451324679512,
        45.544358721730525,
        43.84188529183928,
        42.2199277345521,
        40.68906417646074,
        39.262355496486606,
        37.95616001102989,
        36.79128628538075,
        35.79465910887781,
        35.00178566873416,
        34.46050861916761,
        34.2369035591025,
        34.424900566082734,
        35.162696199527296,
        36.66229328806935,
        39.26630567352973,
        43.56672835736618,
        50.68206332178829,
        63.00951210422384,
        86.78242189924325,
        144.85750178952406,
        442.948592274091,
        458.99999999999903,
        158.99999999999972,
        98.99999999999997,
        73.2857142857143,
        59.00000000000003,
        49.909090909090914,
        42.96226415094342,
        38.50819672131148,
        35.08695652173914,
        32.37662337662338,
        30.17647058823529,
        28.354838709677413,
        26.647058823529413,
        25.363636363636367,
        24.25423728813559,
        23.28571428571429,
        22.432835820895527,
        21.676056338028168,
        20.920529801324506,
        20.320754716981135,
        19.77844311377246,
        19.285714285714285,
        18.836065573770487,
        18.42408376963351,
        18.0
    ]
}