{
    "s_orthogonal": 0,
    "n_train": 400,
    "alpha": 5,
    "sigma": 5,
    "seed": 12341234,
    "emp_psi": [
        0.11,
        0.15222222222222223,
        0.19444444444444445,
        0.2366666666666667,
        0.2788888888888889,
        0.3211111111111111,
        0.36333333333333334,
        0.40555555555555556,
        0.4477777777777778,
        0.49,
        0.51,
        0.5644444444444444,
        0.6188888888888889,
        0.6733333333333333,
        0.7277777777777777,
        0.7822222222222222,
        0.8366666666666667,
        0.8911111111111111,
        0.9455555555555555,
        1.0
    ],
    "emp_risk": [
        26.681619010657652,
        28.58003451570579,
        31.40389062965145,
        35.763630872397904,
        42.93353254316774,
        54.62842784297066,
        74.6353778014035,
        115.42730386791416,
        226.4187700563642,
        1546.3016208837191,
        1557.2584296460682,
        231.73922356921122,
        133.9222916312489,
        99.40187909582572,
        81.15292388903185,
        70.74860062787383,
        62.51086610260201,
        57.31195632931839,
        53.31341108310931,
        50.203064011835394
    ],
    "psi": [
        0.11,
        0.11775510204081632,
        0.12551020408163266,
        0.13326530612244897,
        0.1410204081632653,
        0.14877551020408164,
        0.15653061224489795,
        0.16428571428571428,
        0.17204081632653062,
        0.17979591836734693,
        0.18755102040816327,
        0.1953061224489796,
        0.2030612244897959,
        0.21081632653061225,
        0.21857142857142858,
        0.2263265306122449,
        0.23408163265306123,
        0.24183673469387756,
        0.24959183673469387,
        0.2573469387755102,
        0.26510204081632655,
        0.27285714285714285,
        0.28061224489795916,
        0.2883673469387755,
        0.29612244897959183,
        0.30387755102040814,
        0.3116326530612245,
        0.3193877551020408,
        0.3271428571428571,
        0.3348979591836735,
        0.3426530612244898,
        0.3504081632653061,
        0.35816326530612247,
        0.3659183673469388,
        0.3736734693877551,
        0.3814285714285714,
        0.38918367346938776,
        0.39693877551020407,
        0.4046938775510204,
        0.41244897959183674,
        0.42020408163265305,
        0.42795918367346936,
        0.4357142857142857,
        0.44346938775510203,
        0.45122448979591834,
        0.4589795918367347,
        0.466734693877551,
        0.4744897959183673,
        0.4822448979591837,
        0.49,
        0.51,
        0.52,
        0.53,
        0.54,
        0.55,
        0.56,
        0.5700000000000001,
        0.5800000000000001,
        0.59,
        0.6,
        0.61,
        0.62,
        0.63,
        0.64,
        0.65,
        0.66,
        0.67,
        0.68,
        0.69,
        0.7,
        0.71,
        0.72,
        0.73,
        0.74,
        0.75,
        0.76,
        0.77,
        0.78,
        0.79,
        0.8,
        0.81,
        0.8200000000000001,
        0.8300000000000001,
        0.8400000000000001,
        0.8500000000000001,
        0.8600000000000001,
        0.87,
        0.88,
        0.89,
        0.9,
        0.91,
        0.92,
        0.9299999999999999,
        0.94,
        0.95,
        0.96,
        0.97,
        0.98,
        0.99,
        1.0
    ],
    "risk": [
        26.55128205128205,
        26.804738562091504,
        27.083333333333336,
        27.38860544217687,
        27.72222222222222,
        28.08599290780142,
        28.481884057971016,
        28.912037037037038,
        29.378787878787875,
        29.884689922480618,
        30.625,
        31.23360655737705,
        31.891806722689076,
        32.60344827586207,
        33.37278761061947,
        34.20454545454545,
        35.103971962616825,
        36.07692307692307,
        37.1299504950495,
        38.27040816326531,
        39.94148936170214,
        41.32005494505495,
        42.81818181818182,
        44.448529411764696,
        46.225609756097555,
        48.166139240506325,
        50.28947368421052,
        52.618150684931514,
        55.17857142857144,
        58.0018656716418,
        62.24007936507937,
        65.83333333333333,
        69.84429824561401,
        74.34259259259261,
        79.4142156862745,
        85.16666666666664,
        91.73611111111113,
        99.2976190476191,
        108.08012820512825,
        118.3888888888889,
        135.25,
        151.03879310344834,
        170.55769230769238,
        195.26630434782606,
        227.4999999999999,
        271.2426470588239,
        333.89285714285745,
        430.92045454545337,
        600.999999999999,
        1225.4999999999986,
        1274.9999999999973,
        649.9999999999985,
        441.6666666666659,
        337.4999999999995,
        274.9999999999999,
        233.3333333333332,
        203.57142857142867,
        181.25000000000009,
        163.88888888888897,
        150.00000000000006,
        138.63636363636365,
        129.1666666666667,
        121.15384615384613,
        114.28571428571429,
        108.3333333333333,
        103.12499999999999,
        98.52941176470586,
        94.44444444444441,
        90.78947368421056,
        87.5,
        84.52380952380955,
        81.81818181818181,
        79.34782608695652,
        77.08333333333333,
        74.99999999999999,
        73.0769230769231,
        71.29629629629629,
        69.64285714285714,
        68.10344827586206,
        66.66666666666666,
        65.32258064516128,
        64.0625,
        62.87878787878788,
        61.76470588235294,
        60.714285714285715,
        59.72222222222223,
        58.78378378378378,
        57.89473684210527,
        57.05128205128206,
        56.25,
        55.48780487804878,
        54.76190476190476,
        54.06976744186046,
        53.40909090909091,
        52.77777777777777,
        52.173913043478265,
        51.59574468085107,
        51.04166666666667,
        50.51020408163265,
        50.0
    ]
}