{
    "s_orthogonal": 0,
    "n_train": 400,
    "alpha": 10,
    "sigma": 5,
    "seed": 12341234,
    "emp_psi": [
        0.11,
        0.15222222222222223,
        0.19444444444444445,
        0.2366666666666667,
        0.2788888888888889,
        0.3211111111111111,
        0.36333333333333334,
        0.40555555555555556,
        0.4477777777777778,
        0.49,
        0.51,
        0.5644444444444444,
        0.6188888888888889,
        0.6733333333333333,
        0.7277777777777777,
        0.7822222222222222,
        0.8366666666666667,
        0.8911111111111111,
        0.9455555555555555,
        1.0
    ],
    "emp_risk": [
        85.37634245150996,
        81.27940151365623,
        77.70301055292136,
        75.66467996834585,
        76.34223200543781,
        81.76089426971568,
        95.25991297958409,
        129.66860224585568,
        234.29697258180016,
        1547.9254772523936,
        1557.2583675424823,
        231.73922350362454,
        133.9222915924455,
        99.40187908658339,
        81.15292386950668,
        70.74860060328407,
        62.51086608115998,
        57.31195631359576,
        53.31341106908975,
        50.20306399956821
    ],
    "psi": [
        0.01,
        0.01979591836734694,
        0.02959183673469388,
        0.03938775510204082,
        0.049183673469387755,
        0.05897959183673469,
        0.06877551020408162,
        0.07857142857142856,
        0.0883673469387755,
        0.09816326530612245,
        0.10795918367346938,
        0.11775510204081631,
        0.12755102040816327,
        0.1373469387755102,
        0.14714285714285713,
        0.15693877551020408,
        0.16673469387755102,
        0.17653061224489797,
        0.1863265306122449,
        0.19612244897959183,
        0.20591836734693877,
        0.21571428571428572,
        0.22551020408163264,
        0.23530612244897958,
        0.24510204081632653,
        0.2548979591836735,
        0.2646938775510204,
        0.27448979591836736,
        0.28428571428571425,
        0.2940816326530612,
        0.30387755102040814,
        0.3136734693877551,
        0.32346938775510203,
        0.333265306122449,
        0.3430612244897959,
        0.35285714285714287,
        0.3626530612244898,
        0.3724489795918367,
        0.38224489795918365,
        0.3920408163265306,
        0.40183673469387754,
        0.4116326530612245,
        0.42142857142857143,
        0.4312244897959184,
        0.44102040816326527,
        0.4508163265306122,
        0.46061224489795916,
        0.4704081632653061,
        0.48020408163265305,
        0.49,
        0.51,
        0.52,
        0.53,
        0.54,
        0.55,
        0.56,
        0.5700000000000001,
        0.5800000000000001,
        0.59,
        0.6,
        0.61,
        0.62,
        0.63,
        0.64,
        0.65,
        0.66,
        0.67,
        0.68,
        0.69,
        0.7,
        0.71,
        0.72,
        0.73,
        0.74,
        0.75,
        0.76,
        0.77,
        0.78,
        0.79,
        0.8,
        0.81,
        0.8200000000000001,
        0.8300000000000001,
        0.8400000000000001,
        0.8500000000000001,
        0.8600000000000001,
        0.87,
        0.88,
        0.89,
        0.9,
        0.91,
        0.92,
        0.9299999999999999,
        0.94,
        0.95,
        0.96,
        0.97,
        0.98,
        0.99,
        1.0
    ],
    "risk": [
        98.51020408163265,
        97.40673575129534,
        95.95502645502646,
        94.52702702702703,
        93.12430939226519,
        91.74858757062147,
        90.40173410404624,
        89.08579881656804,
        87.8030303030303,
        86.55590062111801,
        85.34713375796179,
        84.1797385620915,
        83.05704697986577,
        82.24657534246576,
        81.21126760563381,
        80.23188405797102,
        79.31343283582089,
        78.46153846153847,
        77.68253968253968,
        76.98360655737704,
        76.37288135593221,
        75.85964912280703,
        75.45454545454547,
        75.16981132075472,
        75.01960784313725,
        75.0050505050505,
        75.13157894736842,
        75.44505494505495,
        75.9712643678161,
        76.74096385542168,
        77.79113924050633,
        79.16666666666666,
        80.92253521126761,
        83.12686567164181,
        85.86507936507937,
        89.2457627118644,
        93.40909090909089,
        97.15384615384616,
        103.16666666666666,
        110.63636363636367,
        120.0,
        131.88888888888889,
        147.25,
        167.5714285714285,
        195.3333333333332,
        234.9999999999999,
        295.50000000000017,
        397.6666666666668,
        603.999999999999,
        1226.9999999999986,
        1274.9999999999973,
        649.9999999999985,
        441.6666666666659,
        337.4999999999995,
        274.9999999999999,
        233.3333333333332,
        203.57142857142867,
        181.25000000000009,
        163.88888888888897,
        150.00000000000006,
        138.63636363636365,
        129.1666666666667,
        121.15384615384613,
        114.28571428571429,
        108.3333333333333,
        103.12499999999999,
        98.52941176470586,
        94.44444444444441,
        90.78947368421056,
        87.5,
        84.52380952380955,
        81.81818181818181,
        79.34782608695652,
        77.08333333333333,
        74.99999999999999,
        73.0769230769231,
        71.29629629629629,
        69.64285714285714,
        68.10344827586206,
        66.66666666666666,
        65.32258064516128,
        64.0625,
        62.87878787878788,
        61.76470588235294,
        60.714285714285715,
        59.72222222222223,
        58.78378378378378,
        57.89473684210527,
        57.05128205128206,
        56.25,
        55.48780487804878,
        54.76190476190476,
        54.06976744186046,
        53.40909090909091,
        52.77777777777777,
        52.173913043478265,
        51.59574468085107,
        51.04166666666667,
        50.51020408163265,
        50.0
    ]
}