{
    "s_orthogonal": 0,
    "n_train": 400,
    "alpha": 15,
    "sigma": 5,
    "seed": 12341234,
    "emp_psi": [
        0.11,
        0.15222222222222223,
        0.19444444444444445,
        0.2366666666666667,
        0.2788888888888889,
        0.3211111111111111,
        0.36333333333333334,
        0.40555555555555556,
        0.4477777777777778,
        0.49,
        0.51,
        0.5644444444444444,
        0.6188888888888889,
        0.6733333333333333,
        0.7277777777777777,
        0.7822222222222222,
        0.8366666666666667,
        0.8911111111111111,
        0.9455555555555555,
        1.0
    ],
    "emp_risk": [
        183.19972091808106,
        169.09529136990227,
        154.798628530373,
        142.16537416536605,
        132.0104388247764,
        126.79072975458519,
        129.47245103741156,
        153.35342391943186,
        247.41850730059863,
        1550.5742440011288,
        1557.2583054393856,
        231.73922343803847,
        133.92229155364214,
        99.40187907734105,
        81.15292384998149,
        70.74860057869434,
        62.510866059717976,
        57.31195629787311,
        53.3134110550702,
        50.20306398730102
    ],
    "psi": [
        0.01,
        0.01979591836734694,
        0.02959183673469388,
        0.03938775510204082,
        0.049183673469387755,
        0.05897959183673469,
        0.06877551020408162,
        0.07857142857142856,
        0.0883673469387755,
        0.09816326530612245,
        0.10795918367346938,
        0.11775510204081631,
        0.12755102040816327,
        0.1373469387755102,
        0.14714285714285713,
        0.15693877551020408,
        0.16673469387755102,
        0.17653061224489797,
        0.1863265306122449,
        0.19612244897959183,
        0.20591836734693877,
        0.21571428571428572,
        0.22551020408163264,
        0.23530612244897958,
        0.24510204081632653,
        0.2548979591836735,
        0.2646938775510204,
        0.27448979591836736,
        0.28428571428571425,
        0.2940816326530612,
        0.30387755102040814,
        0.3136734693877551,
        0.32346938775510203,
        0.333265306122449,
        0.3430612244897959,
        0.35285714285714287,
        0.3626530612244898,
        0.3724489795918367,
        0.38224489795918365,
        0.3920408163265306,
        0.40183673469387754,
        0.4116326530612245,
        0.42142857142857143,
        0.4312244897959184,
        0.44102040816326527,
        0.4508163265306122,
        0.46061224489795916,
        0.4704081632653061,
        0.48020408163265305,
        0.49,
        0.51,
        0.52,
        0.53,
        0.54,
        0.55,
        0.56,
        0.5700000000000001,
        0.5800000000000001,
        0.59,
        0.6,
        0.61,
        0.62,
        0.63,
        0.64,
        0.65,
        0.66,
        0.67,
        0.68,
        0.69,
        0.7,
        0.71,
        0.72,
        0.73,
        0.74,
        0.75,
        0.76,
        0.77,
        0.78,
        0.79,
        0.8,
        0.81,
        0.8200000000000001,
        0.8300000000000001,
        0.8400000000000001,
        0.8500000000000001,
        0.8600000000000001,
        0.87,
        0.88,
        0.89,
        0.9,
        0.91,
        0.92,
        0.9299999999999999,
        0.94,
        0.95,
        0.96,
        0.97,
        0.98,
        0.99,
        1.0
    ],
    "risk": [
        221.01020408163265,
        218.03173575129534,
        214.08002645502646,
        210.15202702702703,
        206.2493093922652,
        202.37358757062148,
        198.52673410404626,
        194.71079881656806,
        190.9280303030303,
        187.180900621118,
        183.47213375796179,
        179.8047385620915,
        176.18204697986576,
        173.49657534246575,
        169.9612676056338,
        166.481884057971,
        163.06343283582086,
        159.71153846153845,
        156.4325396825397,
        153.23360655737704,
        150.1228813559322,
        147.109649122807,
        144.20454545454547,
        141.41981132075472,
        138.76960784313727,
        136.88005050505052,
        134.50657894736844,
        132.32005494505495,
        130.3462643678161,
        128.61596385542168,
        127.16613924050633,
        126.04166666666666,
        125.29753521126761,
        125.00186567164178,
        125.24007936507935,
        126.12076271186442,
        127.7840909090909,
        129.65384615384616,
        133.16666666666666,
        138.13636363636365,
        145.0,
        154.38888888888889,
        167.25,
        185.0714285714285,
        210.33333333333323,
        247.49999999999991,
        305.50000000000017,
        405.1666666666668,
        608.999999999999,
        1229.4999999999986,
        1274.9999999999973,
        649.9999999999985,
        441.6666666666659,
        337.4999999999995,
        274.9999999999999,
        233.3333333333332,
        203.57142857142867,
        181.25000000000009,
        163.88888888888897,
        150.00000000000006,
        138.63636363636365,
        129.1666666666667,
        121.15384615384613,
        114.28571428571429,
        108.3333333333333,
        103.12499999999999,
        98.52941176470586,
        94.44444444444441,
        90.78947368421056,
        87.5,
        84.52380952380955,
        81.81818181818181,
        79.34782608695652,
        77.08333333333333,
        74.99999999999999,
        73.0769230769231,
        71.29629629629629,
        69.64285714285714,
        68.10344827586206,
        66.66666666666666,
        65.32258064516128,
        64.0625,
        62.87878787878788,
        61.76470588235294,
        60.714285714285715,
        59.72222222222223,
        58.78378378378378,
        57.89473684210527,
        57.05128205128206,
        56.25,
        55.48780487804878,
        54.76190476190476,
        54.06976744186046,
        53.40909090909091,
        52.77777777777777,
        52.173913043478265,
        51.59574468085107,
        51.04166666666667,
        50.51020408163265,
        50.0
    ]
}