{
    "s_orthogonal": true,
    "n_train": 400,
    "alpha": 10.0,
    "sigma": 5.0,
    "seed": 12341234,
    "emp_psi": [
        0.11,
        0.15222222222222223,
        0.19444444444444445,
        0.2366666666666667,
        0.2788888888888889,
        0.3211111111111111,
        0.36333333333333334,
        0.40555555555555556,
        0.4477777777777778,
        0.49,
        0.51,
        0.5644444444444444,
        0.6188888888888889,
        0.6733333333333333,
        0.7277777777777777,
        0.7822222222222222,
        0.8366666666666667,
        0.8911111111111111,
        0.9455555555555555,
        1.0
    ],
    "emp_risk": [
        85.28282707745942,
        81.35581912285019,
        77.34861604812741,
        75.72253861825564,
        76.36618927801179,
        81.30549273757485,
        94.67759079228372,
        129.19945268467063,
        237.5458671646529,
        1620.6687397313378,
        1739.3029087638813,
        205.42597673953307,
        109.42161664434602,
        73.79561095975889,
        56.130487370769494,
        45.7111659769402,
        38.18690354179607,
        32.764442368449544,
        28.485279017889567,
        25.232141763691523
    ],
    "psi": [
        0.11,
        0.11775510204081632,
        0.12551020408163266,
        0.13326530612244897,
        0.1410204081632653,
        0.14877551020408164,
        0.15653061224489795,
        0.16428571428571428,
        0.17204081632653062,
        0.17979591836734693,
        0.18755102040816327,
        0.1953061224489796,
        0.2030612244897959,
        0.21081632653061225,
        0.21857142857142858,
        0.2263265306122449,
        0.23408163265306123,
        0.24183673469387756,
        0.24959183673469387,
        0.2573469387755102,
        0.26510204081632655,
        0.27285714285714285,
        0.28061224489795916,
        0.2883673469387755,
        0.29612244897959183,
        0.30387755102040814,
        0.3116326530612245,
        0.3193877551020408,
        0.3271428571428571,
        0.3348979591836735,
        0.3426530612244898,
        0.3504081632653061,
        0.35816326530612247,
        0.3659183673469388,
        0.3736734693877551,
        0.3814285714285714,
        0.38918367346938776,
        0.39693877551020407,
        0.4046938775510204,
        0.41244897959183674,
        0.42020408163265305,
        0.42795918367346936,
        0.4357142857142857,
        0.44346938775510203,
        0.45122448979591834,
        0.4589795918367347,
        0.466734693877551,
        0.4744897959183673,
        0.4822448979591837,
        0.49,
        0.51,
        0.52,
        0.53,
        0.54,
        0.55,
        0.56,
        0.5700000000000001,
        0.5800000000000001,
        0.59,
        0.6,
        0.61,
        0.62,
        0.63,
        0.64,
        0.65,
        0.66,
        0.67,
        0.68,
        0.69,
        0.7,
        0.71,
        0.72,
        0.73,
        0.74,
        0.75,
        0.76,
        0.77,
        0.78,
        0.79,
        0.8,
        0.81,
        0.8200000000000001,
        0.8300000000000001,
        0.8400000000000001,
        0.8500000000000001,
        0.8600000000000001,
        0.87,
        0.88,
        0.89,
        0.9,
        0.91,
        0.92,
        0.9299999999999999,
        0.94,
        0.95,
        0.96,
        0.97,
        0.98,
        0.99,
        1.0
    ],
    "risk": [
        85.05128205128204,
        84.1797385620915,
        83.33333333333333,
        82.51360544217687,
        81.72222222222223,
        80.96099290780141,
        80.23188405797102,
        79.53703703703704,
        78.87878787878786,
        78.25968992248062,
        77.5,
        76.98360655737704,
        76.51680672268907,
        76.10344827586208,
        75.74778761061947,
        75.45454545454547,
        75.22897196261681,
        75.07692307692307,
        75.0049504950495,
        75.0204081632653,
        75.19148936170214,
        75.44505494505495,
        75.81818181818181,
        76.3235294117647,
        76.97560975609755,
        77.79113924050633,
        78.78947368421052,
        79.99315068493152,
        81.42857142857144,
        83.12686567164181,
        85.86507936507937,
        88.33333333333333,
        91.21929824561401,
        94.5925925925926,
        98.5392156862745,
        103.16666666666666,
        108.61111111111113,
        115.0476190476191,
        122.70512820512825,
        131.88888888888889,
        147.25,
        161.91379310344834,
        180.30769230769238,
        203.89130434782606,
        234.9999999999999,
        277.6176470588239,
        339.14285714285745,
        435.04545454545337,
        603.999999999999,
        1226.9999999999986,
        1249.9999999999973,
        624.9999999999985,
        416.6666666666659,
        312.4999999999995,
        249.99999999999991,
        208.3333333333332,
        178.57142857142867,
        156.25000000000009,
        138.88888888888897,
        125.00000000000004,
        113.63636363636365,
        104.16666666666671,
        96.15384615384613,
        89.28571428571429,
        83.3333333333333,
        78.12499999999999,
        73.52941176470586,
        69.44444444444441,
        65.78947368421056,
        62.50000000000001,
        59.52380952380955,
        56.81818181818181,
        54.347826086956516,
        52.08333333333333,
        49.999999999999986,
        48.07692307692309,
        46.29629629629629,
        44.64285714285714,
        43.10344827586206,
        41.666666666666664,
        40.32258064516129,
        39.0625,
        37.87878787878788,
        36.76470588235294,
        35.714285714285715,
        34.72222222222223,
        33.78378378378378,
        32.89473684210527,
        32.05128205128206,
        31.250000000000004,
        30.487804878048774,
        29.761904761904756,
        29.06976744186046,
        28.409090909090907,
        27.777777777777775,
        27.173913043478265,
        26.595744680851073,
        26.041666666666668,
        25.510204081632654,
        25.0
    ]
}