{
    "s_orthogonal": true,
    "n_train": 400,
    "alpha": 15.0,
    "sigma": 5.0,
    "seed": 12341234,
    "emp_psi": [
        0.11,
        0.15222222222222223,
        0.19444444444444445,
        0.2366666666666667,
        0.2788888888888889,
        0.3211111111111111,
        0.36333333333333334,
        0.40555555555555556,
        0.4477777777777778,
        0.49,
        0.51,
        0.5644444444444444,
        0.6188888888888889,
        0.6733333333333333,
        0.7277777777777777,
        0.7822222222222222,
        0.8366666666666667,
        0.8911111111111111,
        0.9455555555555555,
        1.0
    ],
    "emp_risk": [
        182.37406558593335,
        168.34393772732426,
        153.30393620416442,
        141.04257650749838,
        131.932953544363,
        126.79922139539607,
        129.55773291630962,
        154.57705225073687,
        250.39429907461542,
        1519.3078471222789,
        1747.9838488552575,
        211.60819270345584,
        108.92184906942252,
        74.21792155166014,
        55.492658279993435,
        44.911281813462,
        37.52377085599381,
        32.00365970401507,
        28.241694407207543,
        25.23214176180421
    ],
    "psi": [
        0.11,
        0.11775510204081632,
        0.12551020408163266,
        0.13326530612244897,
        0.1410204081632653,
        0.14877551020408164,
        0.15653061224489795,
        0.16428571428571428,
        0.17204081632653062,
        0.17979591836734693,
        0.18755102040816327,
        0.1953061224489796,
        0.2030612244897959,
        0.21081632653061225,
        0.21857142857142858,
        0.2263265306122449,
        0.23408163265306123,
        0.24183673469387756,
        0.24959183673469387,
        0.2573469387755102,
        0.26510204081632655,
        0.27285714285714285,
        0.28061224489795916,
        0.2883673469387755,
        0.29612244897959183,
        0.30387755102040814,
        0.3116326530612245,
        0.3193877551020408,
        0.3271428571428571,
        0.3348979591836735,
        0.3426530612244898,
        0.3504081632653061,
        0.35816326530612247,
        0.3659183673469388,
        0.3736734693877551,
        0.3814285714285714,
        0.38918367346938776,
        0.39693877551020407,
        0.4046938775510204,
        0.41244897959183674,
        0.42020408163265305,
        0.42795918367346936,
        0.4357142857142857,
        0.44346938775510203,
        0.45122448979591834,
        0.4589795918367347,
        0.466734693877551,
        0.4744897959183673,
        0.4822448979591837,
        0.49,
        0.51,
        0.52,
        0.53,
        0.54,
        0.55,
        0.56,
        0.5700000000000001,
        0.5800000000000001,
        0.59,
        0.6,
        0.61,
        0.62,
        0.63,
        0.64,
        0.65,
        0.66,
        0.67,
        0.68,
        0.69,
        0.7,
        0.71,
        0.72,
        0.73,
        0.74,
        0.75,
        0.76,
        0.77,
        0.78,
        0.79,
        0.8,
        0.81,
        0.8200000000000001,
        0.8300000000000001,
        0.8400000000000001,
        0.8500000000000001,
        0.8600000000000001,
        0.87,
        0.88,
        0.89,
        0.9,
        0.91,
        0.92,
        0.9299999999999999,
        0.94,
        0.95,
        0.96,
        0.97,
        0.98,
        0.99,
        1.0
    ],
    "risk": [
        182.55128205128204,
        179.8047385620915,
        177.08333333333334,
        174.38860544217687,
        171.72222222222223,
        169.08599290780145,
        166.481884057971,
        163.91203703703704,
        161.37878787878785,
        158.88468992248062,
        155.625,
        153.23360655737704,
        150.89180672268907,
        148.6034482758621,
        146.37278761061947,
        144.20454545454547,
        142.1039719626168,
        140.07692307692307,
        138.1299504950495,
        136.2704081632653,
        133.94148936170214,
        132.32005494505495,
        130.8181818181818,
        129.4485294117647,
        128.22560975609755,
        127.16613924050633,
        126.28947368421052,
        125.61815068493152,
        125.17857142857144,
        125.00186567164178,
        125.24007936507935,
        125.83333333333334,
        126.84429824561401,
        128.34259259259258,
        130.4142156862745,
        133.16666666666666,
        136.73611111111111,
        141.2976190476191,
        147.08012820512823,
        154.38888888888889,
        167.25,
        180.0387931034483,
        196.55769230769235,
        218.26630434782606,
        247.49999999999991,
        288.2426470588238,
        347.89285714285745,
        441.9204545454534,
        608.999999999999,
        1229.4999999999986,
        1249.9999999999973,
        624.9999999999985,
        416.6666666666659,
        312.4999999999995,
        249.99999999999991,
        208.3333333333332,
        178.57142857142867,
        156.25000000000009,
        138.88888888888897,
        125.00000000000004,
        113.63636363636365,
        104.16666666666671,
        96.15384615384613,
        89.28571428571429,
        83.3333333333333,
        78.12499999999999,
        73.52941176470586,
        69.44444444444441,
        65.78947368421056,
        62.50000000000001,
        59.52380952380955,
        56.81818181818181,
        54.347826086956516,
        52.08333333333333,
        49.999999999999986,
        48.07692307692309,
        46.29629629629629,
        44.64285714285714,
        43.10344827586206,
        41.666666666666664,
        40.32258064516129,
        39.0625,
        37.87878787878788,
        36.76470588235294,
        35.714285714285715,
        34.72222222222223,
        33.78378378378378,
        32.89473684210527,
        32.05128205128206,
        31.250000000000004,
        30.487804878048774,
        29.761904761904756,
        29.06976744186046,
        28.409090909090907,
        27.777777777777775,
        27.173913043478265,
        26.595744680851073,
        26.041666666666668,
        25.510204081632654,
        25.0
    ]
}