{
    "s_orthogonal": 1,
    "n_train": 400,
    "alpha": 6,
    "sigma": 3.0,
    "seed": 12341,
    "emp_phi": [
        0.1,
        0.11253355826007651,
        0.12663801734674032,
        0.14251026703029981,
        0.160371874375133,
        0.18047217668271703,
        0.20309176209047358,
        0.22854638641349906,
        0.2571913809059345,
        0.289426612471675,
        0.3257020655659783,
        0.3665241237079628,
        0.41246263829013524,
        0.46415888336127786,
        0.5223345074266842,
        0.5878016072274912,
        0.6614740641230149,
        0.7443803013251689,
        0.8376776400682918,
        0.9426684551178852,
        1.0608183551394483,
        1.1937766417144364,
        1.3433993325989002,
        1.5117750706156623,
        1.7012542798525891,
        1.9144819761699576,
        2.1544346900318834,
        2.424462017082328,
        2.728333376486768,
        3.07029062975785,
        3.455107294592218,
        3.8881551803080874,
        4.3754793750741845,
        4.923882631706739,
        5.541020330009492,
        6.235507341273912,
        7.017038286703826,
        7.896522868499725,
        8.886238162743403,
        10.0
    ],
    "emp_sketch_risk": [
        1.0927621222130683,
        1.2538265940153475,
        1.4326684967887269,
        1.5895618984756608,
        1.8251531885937646,
        2.135382558735199,
        2.343933382860925,
        2.7624848317326514,
        3.199013045501687,
        3.7561113676035442,
        4.475400847906296,
        5.209612608442444,
        6.424107389901143,
        7.842215246723303,
        9.875949671135674,
        12.743854332239687,
        17.596415959140746,
        27.117335576270396,
        35.32330957845644,
        35.15207559209038,
        35.326396412824295,
        35.04916217520266,
        35.32225725190685,
        35.00384800312339,
        34.86092042754477,
        36.295383315590286,
        36.451886665168885,
        37.18920125342685,
        38.74569592362877,
        40.266275539253385,
        40.90796236654041,
        42.64909609955603,
        44.00821958345319,
        45.08220258453823,
        45.880359942258366,
        47.01566419967767,
        47.311810787685666,
        48.69355722943054,
        49.11633391917777,
        49.643035809002924
    ],
    "phi": [
        0.1,
        0.10600258488068821,
        0.1123654800138751,
        0.11911031332830067,
        0.12626001098748563,
        0.1338388753173757,
        0.14187266741165966,
        0.150388694695541,
        0.15941590374559989,
        0.16898497868124573,
        0.1791284454622004,
        0.18988078244652623,
        0.20127853758499395,
        0.21336045265014109,
        0.22616759492228639,
        0.23974349678010773,
        0.25413430367026363,
        0.2693889309590172,
        0.28555923019901075,
        0.30270016537634625,
        0.320869999737045,
        0.3401304938279251,
        0.3605471154250503,
        0.3821892620633119,
        0.4051304969235381,
        0.42944879887892745,
        0.45522682755073096,
        0.48255220427412776,
        0.5115178099293143,
        0.5422221006501587,
        0.5747694424835351,
        0.6092704661368677,
        0.645842443019698,
        0.6846096838574658,
        0.7257039612324214,
        0.769264957487914,
        0.8154407395185161,
        0.8643882620598268,
        0.9162739011886736,
        0.9712740198471168,
        1.0295755673125127,
        1.0913767146512732,
        1.156887528316282,
        1.2263306841775632,
        1.2999422244132455,
        1.3779723598335576,
        1.460686320364989,
        1.5483652565854984,
        1.6413071953751293,
        1.739828052930364,
        1.8442627085855348,
        1.9549661430912606,
        2.0723146452190293,
        2.196707090793235,
        2.3285662984981954,
        2.4683404670686486,
        2.616504698748821,
        2.7735626141984135,
        2.940048064334709,
        3.11652694492943,
        3.3035991201283377,
        3.501900461431711,
        3.7121050090663608,
        3.934927263095849,
        4.171124612056518,
        4.4214999073744865,
        4.686904192314192,
        4.968239594734385,
        5.266462393484278,
        5.582586268862695,
        5.917685748188822,
        6.272899858196247,
        6.649435996665045,
        7.048574036451903,
        7.471670675868078,
        7.9201640501925485,
        8.395578619995112,
        8.899530352885229,
        9.433732216299774,
        10.0
    ],
    "ridgeless_risk": [
        1.0,
        1.0558659217877093,
        1.1123595505617978,
        1.169491525423729,
        1.2857142857142858,
        1.3448275862068966,
        1.4651162790697678,
        1.588235294117647,
        1.650887573964497,
        1.7784431137724552,
        1.9090909090909092,
        2.042944785276074,
        2.25,
        2.392405063291139,
        2.6129032258064515,
        2.7647058823529407,
        3.0,
        3.2448979591836737,
        3.587412587412587,
        3.857142857142857,
        4.235294117647059,
        4.636363636363637,
        5.062499999999999,
        5.516129032258064,
        6.1260504201680686,
        6.6521739130434785,
        7.513761467889909,
        8.307692307692308,
        9.36734693877551,
        10.56521739130435,
        11.930232558139533,
        13.784810126582279,
        16.35211267605634,
        19.125000000000004,
        23.727272727272723,
        29.29787234042553,
        39.64864864864863,
        55.285714285714285,
        96.8823529411765,
        290.9999999999998,
        362.1573384428364,
        104.9415834924213,
        65.50573546340253,
        49.86276557922572,
        42.55336179834977,
        38.28892363480209,
        35.98998357355801,
        34.85684403321232,
        34.33088166518285,
        34.24187951745907,
        34.427329596056204,
        34.79817251050668,
        35.309345633266744,
        35.895488410048216,
        36.522336231612925,
        37.1905450753274,
        37.88176513381065,
        38.56002508951734,
        39.25769801509855,
        39.92513535432348,
        40.57715076737013,
        41.22458380032081,
        41.84603187265697,
        42.439678225743734,
        43.02801355888638,
        43.58313643947379,
        44.1155222333766,
        44.6236667889954,
        45.114555847821094,
        45.57866786562465,
        46.02274807979428,
        46.44566235188244,
        46.846872556218266,
        47.2308586106415,
        47.59650635514463,
        47.94325898406623,
        48.27099975827314,
        48.579949166803665,
        48.875812794444144,
        49.15759285285547
    ]
}