{
    "s_orthogonal": 1,
    "n_train": 400,
    "alpha": 15,
    "sigma": 5,
    "seed": 12341234,
    "emp_psi": [
        0.11,
        0.15222222222222223,
        0.19444444444444445,
        0.2366666666666667,
        0.2788888888888889,
        0.3211111111111111,
        0.36333333333333334,
        0.40555555555555556,
        0.4477777777777778,
        0.49,
        0.51,
        0.5644444444444444,
        0.6188888888888889,
        0.6733333333333333,
        0.7277777777777777,
        0.7822222222222222,
        0.8366666666666667,
        0.8911111111111111,
        0.9455555555555555,
        1.0
    ],
    "emp_risk": [
        183.1984275777251,
        168.75777984733617,
        155.05102992321645,
        141.9943755791332,
        132.10908273998444,
        125.30212724337832,
        127.97669211657386,
        148.51119470778752,
        241.5072241900772,
        1595.3221271565315,
        1488.9670837566466,
        206.52659250140098,
        108.1968630235848,
        76.62961540514338,
        56.11387659888196,
        45.76727107464476,
        38.832000044257015,
        33.24161094025168,
        28.84961882676695,
        25.749362399947135
    ],
    "psi": [
        0.01,
        0.01979591836734694,
        0.02959183673469388,
        0.03938775510204082,
        0.049183673469387755,
        0.05897959183673469,
        0.06877551020408162,
        0.07857142857142856,
        0.0883673469387755,
        0.09816326530612245,
        0.10795918367346938,
        0.11775510204081631,
        0.12755102040816327,
        0.1373469387755102,
        0.14714285714285713,
        0.15693877551020408,
        0.16673469387755102,
        0.17653061224489797,
        0.1863265306122449,
        0.19612244897959183,
        0.20591836734693877,
        0.21571428571428572,
        0.22551020408163264,
        0.23530612244897958,
        0.24510204081632653,
        0.2548979591836735,
        0.2646938775510204,
        0.27448979591836736,
        0.28428571428571425,
        0.2940816326530612,
        0.30387755102040814,
        0.3136734693877551,
        0.32346938775510203,
        0.333265306122449,
        0.3430612244897959,
        0.35285714285714287,
        0.3626530612244898,
        0.3724489795918367,
        0.38224489795918365,
        0.3920408163265306,
        0.40183673469387754,
        0.4116326530612245,
        0.42142857142857143,
        0.4312244897959184,
        0.44102040816326527,
        0.4508163265306122,
        0.46061224489795916,
        0.4704081632653061,
        0.48020408163265305,
        0.49,
        0.51,
        0.52,
        0.53,
        0.54,
        0.55,
        0.56,
        0.5700000000000001,
        0.5800000000000001,
        0.59,
        0.6,
        0.61,
        0.62,
        0.63,
        0.64,
        0.65,
        0.66,
        0.67,
        0.68,
        0.69,
        0.7,
        0.71,
        0.72,
        0.73,
        0.74,
        0.75,
        0.76,
        0.77,
        0.78,
        0.79,
        0.8,
        0.81,
        0.8200000000000001,
        0.8300000000000001,
        0.8400000000000001,
        0.8500000000000001,
        0.8600000000000001,
        0.87,
        0.88,
        0.89,
        0.9,
        0.91,
        0.92,
        0.9299999999999999,
        0.94,
        0.95,
        0.96,
        0.97,
        0.98,
        0.99,
        1.0
    ],
    "risk": [
        221.01020408163265,
        218.03173575129534,
        214.08002645502646,
        210.15202702702703,
        206.2493093922652,
        202.37358757062148,
        198.52673410404626,
        194.71079881656806,
        190.9280303030303,
        187.180900621118,
        183.47213375796179,
        179.8047385620915,
        176.18204697986576,
        173.49657534246575,
        169.9612676056338,
        166.481884057971,
        163.06343283582086,
        159.71153846153845,
        156.4325396825397,
        153.23360655737704,
        150.1228813559322,
        147.109649122807,
        144.20454545454547,
        141.41981132075472,
        138.76960784313727,
        136.88005050505052,
        134.50657894736844,
        132.32005494505495,
        130.3462643678161,
        128.61596385542168,
        127.16613924050633,
        126.04166666666666,
        125.29753521126761,
        125.00186567164178,
        125.24007936507935,
        126.12076271186442,
        127.7840909090909,
        129.65384615384616,
        133.16666666666666,
        138.13636363636365,
        145.0,
        154.38888888888889,
        167.25,
        185.0714285714285,
        210.33333333333323,
        247.49999999999991,
        305.50000000000017,
        405.1666666666668,
        608.999999999999,
        1229.4999999999986,
        1249.9999999999973,
        624.9999999999985,
        416.6666666666659,
        312.4999999999995,
        249.99999999999991,
        208.3333333333332,
        178.57142857142867,
        156.25000000000009,
        138.88888888888897,
        125.00000000000004,
        113.63636363636365,
        104.16666666666671,
        96.15384615384613,
        89.28571428571429,
        83.3333333333333,
        78.12499999999999,
        73.52941176470586,
        69.44444444444441,
        65.78947368421056,
        62.50000000000001,
        59.52380952380955,
        56.81818181818181,
        54.347826086956516,
        52.08333333333333,
        49.999999999999986,
        48.07692307692309,
        46.29629629629629,
        44.64285714285714,
        43.10344827586206,
        41.666666666666664,
        40.32258064516129,
        39.0625,
        37.87878787878788,
        36.76470588235294,
        35.714285714285715,
        34.72222222222223,
        33.78378378378378,
        32.89473684210527,
        32.05128205128206,
        31.250000000000004,
        30.487804878048774,
        29.761904761904756,
        29.06976744186046,
        28.409090909090907,
        27.777777777777775,
        27.173913043478265,
        26.595744680851073,
        26.041666666666668,
        25.510204081632654,
        25.0
    ]
}