{
    "n_train": 400,
    "alpha": 1.5264337522473748,
    "sigma": 1,
    "seed": 12341234,
    "emp_phi": [
        0.1,
        0.12742749857031338,
        0.16237767391887217,
        0.20691380811147897,
        0.26366508987303583,
        0.33598182862837817,
        0.42813323987193935,
        0.5455594781168519,
        0.6951927961775606,
        0.8858667904100825,
        1.1288378916846888,
        1.438449888287663,
        1.8329807108324356,
        2.3357214690901213,
        2.9763514416313175,
        3.79269019073225,
        4.832930238571752,
        6.158482110660261,
        7.847599703514611,
        10.0
    ],
    "emp_risk": [
        0.11005303170022478,
        0.1441739287385856,
        0.19037641291356075,
        0.25665742450228707,
        0.3575899395981095,
        0.5183819566600119,
        0.7372715727858938,
        1.2166747099160122,
        2.3204473150122378,
        7.850128168028773,
        8.249601879095037,
        3.0171675219002947,
        2.267685695685933,
        2.068757402228798,
        2.0737533860692445,
        2.0532879422252646,
        2.1045099575753157,
        2.1506841434908743,
        2.1859261610553173,
        2.2008764140205974
    ],
    "phi": [
        0.1,
        0.10476157527896648,
        0.10974987654930562,
        0.11497569953977356,
        0.12045035402587821,
        0.12618568830660204,
        0.1321941148466029,
        0.1384886371393873,
        0.14508287784959398,
        0.1519911082952934,
        0.1592282793341092,
        0.16681005372000587,
        0.17475284000076838,
        0.18307382802953684,
        0.19179102616724888,
        0.20092330025650468,
        0.2104904144512021,
        0.22051307399030456,
        0.23101297000831597,
        0.24201282647943823,
        0.2535364493970112,
        0.26560877829466867,
        0.2782559402207124,
        0.29150530628251775,
        0.30538555088334157,
        0.31992671377973836,
        0.33516026509388425,
        0.35111917342151316,
        0.36783797718286343,
        0.38535285937105296,
        0.40370172585965547,
        0.4229242874389499,
        0.4430621457583881,
        0.464158883361278,
        0.4862601580065355,
        0.5094138014816381,
        0.533669923120631,
        0.5590810182512224,
        0.5857020818056667,
        0.6135907273413174,
        0.6428073117284322,
        0.6734150657750824,
        0.7054802310718644,
        0.739072203352578,
        0.7742636826811272,
        0.8111308307896873,
        0.8497534359086445,
        0.8902150854450388,
        0.9326033468832199,
        0.9770099572992254,
        1.0235310218990263,
        1.0722672220103238,
        1.1233240329780276,
        1.1768119524349985,
        1.2328467394420666,
        1.291549665014884,
        1.3530477745798075,
        1.4174741629268055,
        1.484968262254465,
        1.5556761439304723,
        1.6297508346206444,
        1.7073526474706913,
        1.7886495290574351,
        1.873817422860385,
        1.9630406500402715,
        2.0565123083486516,
        2.1544346900318843,
        2.25701971963392,
        2.3644894126454084,
        2.4770763559917115,
        2.5950242113997373,
        2.7185882427329413,
        2.848035868435802,
        2.9836472402833403,
        3.1257158496882367,
        3.27454916287773,
        3.4304692863149193,
        3.5938136638046276,
        3.764935806792469,
        3.944206059437656,
        4.132012400115339,
        4.328761281083059,
        4.5348785081285845,
        4.750810162102798,
        4.977023564332112,
        5.214008287999687,
        5.462277217684343,
        5.72236765935022,
        5.994842503189412,
        6.280291441834256,
        6.5793322465756825,
        6.892612104349698,
        7.220809018385467,
        7.56463327554629,
        7.924828983539178,
        8.302175681319747,
        8.697490026177835,
        9.111627561154895,
        9.545484566618342,
        10.0
    ],
    "risk": [
        0.11111111111111112,
        0.11420612813370473,
        0.12044817927170869,
        0.1267605633802817,
        0.13636363636363635,
        0.14285714285714285,
        0.14942528735632185,
        0.15942028985507248,
        0.1695906432748538,
        0.17647058823529413,
        0.18694362017804153,
        0.1976047904191617,
        0.20845921450151056,
        0.22324159021406728,
        0.2345679012345679,
        0.25,
        0.26582278481012656,
        0.28205128205128205,
        0.2987012987012987,
        0.3157894736842105,
        0.3377926421404682,
        0.36054421768707484,
        0.384083044982699,
        0.4084507042253521,
        0.4388489208633093,
        0.4652014652014652,
        0.5037593984962406,
        0.5384615384615384,
        0.5810276679841897,
        0.6260162601626017,
        0.6736401673640169,
        0.7316017316017316,
        0.7937219730941704,
        0.8604651162790699,
        0.9417475728155339,
        1.030456852791878,
        1.13903743315508,
        1.2598870056497176,
        1.4096385542168672,
        1.580645161290323,
        1.7972027972027969,
        2.0534351145038165,
        2.3898305084745757,
        2.80952380952381,
        3.395604395604395,
        4.263157894736843,
        5.557377049180329,
        8.090909090909092,
        13.814814814814813,
        38.999999999999964,
        44.49571583808755,
        14.438144192256328,
        8.417541475387479,
        6.061306990881457,
        4.740608737377043,
        3.972074311681369,
        3.444143757947588,
        3.092995444676231,
        2.830869382869226,
        2.6334095188436026,
        2.491981872815956,
        2.381870801356045,
        2.2963447663447667,
        2.231806037467339,
        2.181699892464224,
        2.1440473472399995,
        2.115216705591289,
        2.093553325500658,
        2.0777015678850543,
        2.066551960280774,
        2.0590787081498663,
        2.054835926504716,
        2.053010356163147,
        2.053189813635446,
        2.0549882352941173,
        2.058050115935963,
        2.0622223421996666,
        2.0671546448758495,
        2.072721847236211,
        2.0788515076268945,
        2.0853241689809625,
        2.0921088204184013,
        2.099020547910448,
        2.106140350877193,
        2.1132306185013117,
        2.1203863259540734,
        2.1274753198968446,
        2.134521749437004,
        2.1414810931457677,
        2.1483748311136845,
        2.155053865055153,
        2.161658651430562,
        2.1680570227396214,
        2.1742817788272335,
        2.1803573975998303,
        2.1862634098035985,
        2.1919844181620967,
        2.1975416643544246,
        2.202920639231309,
        2.208111111111111
    ]
}