{
    "n_train": 400,
    "alpha": 5,
    "sigma": 5,
    "seed": 12341234,
    "emp_phi": [
        0.1,
        0.12742749857031338,
        0.16237767391887217,
        0.20691380811147897,
        0.26366508987303583,
        0.33598182862837817,
        0.42813323987193935,
        0.5455594781168519,
        0.6951927961775606,
        0.8858667904100825,
        1.1288378916846888,
        1.438449888287663,
        1.8329807108324356,
        2.3357214690901213,
        2.9763514416313175,
        3.79269019073225,
        4.832930238571752,
        6.158482110660261,
        7.847599703514611,
        10.0
    ],
    "emp_risk": [
        2.7513257924688874,
        3.604348218358595,
        4.759410322898022,
        6.4164356127501865,
        8.939748489690704,
        12.959548916261614,
        18.431789319327304,
        30.416867748956328,
        58.011182874164795,
        196.25320422210834,
        202.53283753562678,
        65.24320186627001,
        41.39217487520055,
        32.782789450223035,
        29.54355940914291,
        27.049603160965827,
        26.330711634976076,
        25.86592209261674,
        25.553734451327696,
        25.197179518056934
    ],
    "phi": [
        0.1,
        0.10476157527896648,
        0.10974987654930562,
        0.11497569953977356,
        0.12045035402587821,
        0.12618568830660204,
        0.1321941148466029,
        0.1384886371393873,
        0.14508287784959398,
        0.1519911082952934,
        0.1592282793341092,
        0.16681005372000587,
        0.17475284000076838,
        0.18307382802953684,
        0.19179102616724888,
        0.20092330025650468,
        0.2104904144512021,
        0.22051307399030456,
        0.23101297000831597,
        0.24201282647943823,
        0.2535364493970112,
        0.26560877829466867,
        0.2782559402207124,
        0.29150530628251775,
        0.30538555088334157,
        0.31992671377973836,
        0.33516026509388425,
        0.35111917342151316,
        0.36783797718286343,
        0.38535285937105296,
        0.40370172585965547,
        0.4229242874389499,
        0.4430621457583881,
        0.464158883361278,
        0.4862601580065355,
        0.5094138014816381,
        0.533669923120631,
        0.5590810182512224,
        0.5857020818056667,
        0.6135907273413174,
        0.6428073117284322,
        0.6734150657750824,
        0.7054802310718644,
        0.739072203352578,
        0.7742636826811272,
        0.8111308307896873,
        0.8497534359086445,
        0.8902150854450388,
        0.9326033468832199,
        0.9770099572992254,
        1.0235310218990263,
        1.0722672220103238,
        1.1233240329780276,
        1.1768119524349985,
        1.2328467394420666,
        1.291549665014884,
        1.3530477745798075,
        1.4174741629268055,
        1.484968262254465,
        1.5556761439304723,
        1.6297508346206444,
        1.7073526474706913,
        1.7886495290574351,
        1.873817422860385,
        1.9630406500402715,
        2.0565123083486516,
        2.1544346900318843,
        2.25701971963392,
        2.3644894126454084,
        2.4770763559917115,
        2.5950242113997373,
        2.7185882427329413,
        2.848035868435802,
        2.9836472402833403,
        3.1257158496882367,
        3.27454916287773,
        3.4304692863149193,
        3.5938136638046276,
        3.764935806792469,
        3.944206059437656,
        4.132012400115339,
        4.328761281083059,
        4.5348785081285845,
        4.750810162102798,
        4.977023564332112,
        5.214008287999687,
        5.462277217684343,
        5.72236765935022,
        5.994842503189412,
        6.280291441834256,
        6.5793322465756825,
        6.892612104349698,
        7.220809018385467,
        7.56463327554629,
        7.924828983539178,
        8.302175681319747,
        8.697490026177835,
        9.111627561154895,
        9.545484566618342,
        10.0
    ],
    "risk": [
        2.7777777777777777,
        2.8551532033426184,
        3.011204481792717,
        3.1690140845070425,
        3.409090909090909,
        3.5714285714285716,
        3.735632183908046,
        3.985507246376812,
        4.239766081871345,
        4.411764705882353,
        4.673590504451038,
        4.9401197604790426,
        5.211480362537764,
        5.581039755351682,
        5.864197530864197,
        6.25,
        6.6455696202531644,
        7.051282051282051,
        7.467532467532467,
        7.894736842105263,
        8.444816053511705,
        9.013605442176871,
        9.602076124567477,
        10.211267605633802,
        10.971223021582732,
        11.63003663003663,
        12.593984962406015,
        13.461538461538462,
        14.525691699604742,
        15.65040650406504,
        16.84100418410042,
        18.29004329004329,
        19.84304932735426,
        21.511627906976745,
        23.54368932038835,
        25.76142131979695,
        28.475935828877002,
        31.497175141242938,
        35.24096385542168,
        39.51612903225807,
        44.930069930069926,
        51.33587786259542,
        59.7457627118644,
        70.23809523809526,
        84.89010989010988,
        106.57894736842108,
        138.93442622950823,
        202.2727272727273,
        345.3703703703703,
        974.9999999999991,
        1111.6612333605017,
        358.7783711615484,
        206.80991773101215,
        146.58054711246197,
        112.24290606120093,
        91.82705159048382,
        77.43769746070448,
        67.57311933245349,
        59.950065094496246,
        53.96787462703862,
        49.479654347280615,
        45.79823630956095,
        42.76001776001776,
        40.30216028247788,
        38.23517247084126,
        36.53123234280047,
        35.077572111326944,
        33.83384422399095,
        32.76661327120043,
        31.84814244136278,
        31.040069823207155,
        30.35640874219471,
        29.752168473876736,
        29.228110806099895,
        28.764705882352942,
        28.361680705885718,
        27.99943610601207,
        27.684259302132844,
        27.40525548323086,
        27.155022630431397,
        26.933951682151175,
        26.736140498906018,
        26.56142103366853,
        26.403508771929825,
        26.264182547959926,
        26.13855503134584,
        26.026626587164703,
        25.925980798862156,
        25.835629748335478,
        25.75395676510326,
        25.681458751046254,
        25.61555043520185,
        25.556688726385264,
        25.50373868555687,
        25.455842481807043,
        25.41260934147549,
        25.373647256812617,
        25.33837695463448,
        25.306515195031018,
        25.27777777777778
    ]
}