{
    "n_train": 400,
    "alpha": 10,
    "sigma": 5,
    "seed": 12341234,
    "emp_psi": [
        0.1,
        0.12742749857031338,
        0.16237767391887217,
        0.20691380811147897,
        0.26366508987303583,
        0.33598182862837817,
        0.42813323987193935,
        0.5455594781168519,
        0.6951927961775606,
        0.8858667904100825,
        1.1288378916846888,
        1.438449888287663,
        1.8329807108324356,
        2.3357214690901213,
        2.9763514416313175,
        3.79269019073225,
        4.832930238571752,
        6.158482110660261,
        7.847599703514611,
        10.0
    ],
    "emp_risk": [
        2.7513257925386623,
        3.604348218560036,
        4.759410322785941,
        6.41643561238355,
        8.939748490188459,
        12.959548916715011,
        18.431789319935245,
        30.416867746950338,
        58.01118287633249,
        196.25320418147828,
        210.91658768861106,
        88.2277988870799,
        75.93062316897246,
        75.51753618824479,
        79.77886967397114,
        81.84408834637402,
        85.59950666923847,
        88.78678181824833,
        91.1666556086953,
        92.46915417905723
    ],
    "psi": [
        0.1,
        0.10476157527896648,
        0.10974987654930562,
        0.11497569953977356,
        0.12045035402587821,
        0.12618568830660204,
        0.1321941148466029,
        0.1384886371393873,
        0.14508287784959398,
        0.1519911082952934,
        0.1592282793341092,
        0.16681005372000587,
        0.17475284000076838,
        0.18307382802953684,
        0.19179102616724888,
        0.20092330025650468,
        0.2104904144512021,
        0.22051307399030456,
        0.23101297000831597,
        0.24201282647943823,
        0.2535364493970112,
        0.26560877829466867,
        0.2782559402207124,
        0.29150530628251775,
        0.30538555088334157,
        0.31992671377973836,
        0.33516026509388425,
        0.35111917342151316,
        0.36783797718286343,
        0.38535285937105296,
        0.40370172585965547,
        0.4229242874389499,
        0.4430621457583881,
        0.464158883361278,
        0.4862601580065355,
        0.5094138014816381,
        0.533669923120631,
        0.5590810182512224,
        0.5857020818056667,
        0.6135907273413174,
        0.6428073117284322,
        0.6734150657750824,
        0.7054802310718644,
        0.739072203352578,
        0.7742636826811272,
        0.8111308307896873,
        0.8497534359086445,
        0.8902150854450388,
        0.9326033468832199,
        0.9770099572992254,
        1.0235310218990263,
        1.0722672220103238,
        1.1233240329780276,
        1.1768119524349985,
        1.2328467394420666,
        1.291549665014884,
        1.3530477745798075,
        1.4174741629268055,
        1.484968262254465,
        1.5556761439304723,
        1.6297508346206444,
        1.7073526474706913,
        1.7886495290574351,
        1.873817422860385,
        1.9630406500402715,
        2.0565123083486516,
        2.1544346900318843,
        2.25701971963392,
        2.3644894126454084,
        2.4770763559917115,
        2.5950242113997373,
        2.7185882427329413,
        2.848035868435802,
        2.9836472402833403,
        3.1257158496882367,
        3.27454916287773,
        3.4304692863149193,
        3.5938136638046276,
        3.764935806792469,
        3.944206059437656,
        4.132012400115339,
        4.328761281083059,
        4.5348785081285845,
        4.750810162102798,
        4.977023564332112,
        5.214008287999687,
        5.462277217684343,
        5.72236765935022,
        5.994842503189412,
        6.280291441834256,
        6.5793322465756825,
        6.892612104349698,
        7.220809018385467,
        7.56463327554629,
        7.924828983539178,
        8.302175681319747,
        8.697490026177835,
        9.111627561154895,
        9.545484566618342,
        10.0
    ],
    "risk": [
        2.7777777777777777,
        2.8551532033426184,
        3.011204481792717,
        3.1690140845070425,
        3.409090909090909,
        3.5714285714285716,
        3.735632183908046,
        3.985507246376812,
        4.239766081871345,
        4.411764705882353,
        4.673590504451038,
        4.9401197604790426,
        5.211480362537764,
        5.581039755351682,
        5.864197530864197,
        6.25,
        6.6455696202531644,
        7.051282051282051,
        7.467532467532467,
        7.894736842105263,
        8.444816053511705,
        9.013605442176871,
        9.602076124567477,
        10.211267605633802,
        10.971223021582732,
        11.63003663003663,
        12.593984962406015,
        13.461538461538462,
        14.525691699604742,
        15.65040650406504,
        16.84100418410042,
        18.29004329004329,
        19.84304932735426,
        21.511627906976745,
        23.54368932038835,
        25.76142131979695,
        28.475935828877002,
        31.497175141242938,
        35.24096385542168,
        39.51612903225807,
        44.930069930069926,
        51.33587786259542,
        59.7457627118644,
        70.23809523809526,
        84.89010989010988,
        106.57894736842108,
        138.93442622950823,
        202.2727272727273,
        345.3703703703703,
        974.9999999999991,
        1113.311600108668,
        363.6849132176232,
        214.99477296486515,
        157.75075987841942,
        126.39097908351329,
        108.68751670676289,
        96.98483239600947,
        89.56958576354889,
        84.35984587021294,
        80.73636337301932,
        78.39670503852486,
        76.80996651483954,
        75.8019758019758,
        75.24875574309203,
        75.01861196128712,
        75.03488197783697,
        75.23436653641406,
        75.574420720665,
        76.02058152516868,
        76.54511213833248,
        77.13833571916092,
        77.75751269803648,
        78.41327470741493,
        79.08142178682077,
        79.76470588235294,
        80.44342249350986,
        81.13354689318409,
        81.80743257979464,
        82.47170066595511,
        83.13156036029824,
        83.77414538675166,
        84.40511796857673,
        85.01426162936627,
        85.6140350877193,
        86.18880566353782,
        86.75006582271274,
        87.29036285090096,
        87.81409268697405,
        88.31998519264086,
        88.81128160586759,
        89.27895019916484,
        89.7341576169211,
        90.16887709203624,
        90.58638331365604,
        90.98913374087931,
        91.37646476316225,
        91.74800033329335,
        92.10566564837762,
        92.44899817041079,
        92.77777777777777
    ]
}