{
    "n_train": 400,
    "alpha": 15,
    "sigma": 5,
    "seed": 12341234,
    "emp_psi": [
        0.1,
        0.12742749857031338,
        0.16237767391887217,
        0.20691380811147897,
        0.26366508987303583,
        0.33598182862837817,
        0.42813323987193935,
        0.5455594781168519,
        0.6951927961775606,
        0.8858667904100825,
        1.1288378916846888,
        1.438449888287663,
        1.8329807108324356,
        2.3357214690901213,
        2.9763514416313175,
        3.79269019073225,
        4.832930238571752,
        6.158482110660261,
        7.847599703514611,
        10.0
    ],
    "emp_risk": [
        2.7513257926084376,
        3.6043482187614764,
        4.75941032267386,
        6.416435612016914,
        8.939748490686211,
        12.959548917168405,
        18.43178932054318,
        30.41686774494434,
        58.011182878500186,
        196.2532041408483,
        224.96641080808973,
        126.56636893132594,
        133.59159380813628,
        146.81906648668743,
        163.26944199213258,
        173.24545389715698,
        184.3310555617842,
        193.60461415759957,
        200.47320683837617,
        204.12334342282361
    ],
    "psi": [
        0.1,
        0.10476157527896648,
        0.10974987654930562,
        0.11497569953977356,
        0.12045035402587821,
        0.12618568830660204,
        0.1321941148466029,
        0.1384886371393873,
        0.14508287784959398,
        0.1519911082952934,
        0.1592282793341092,
        0.16681005372000587,
        0.17475284000076838,
        0.18307382802953684,
        0.19179102616724888,
        0.20092330025650468,
        0.2104904144512021,
        0.22051307399030456,
        0.23101297000831597,
        0.24201282647943823,
        0.2535364493970112,
        0.26560877829466867,
        0.2782559402207124,
        0.29150530628251775,
        0.30538555088334157,
        0.31992671377973836,
        0.33516026509388425,
        0.35111917342151316,
        0.36783797718286343,
        0.38535285937105296,
        0.40370172585965547,
        0.4229242874389499,
        0.4430621457583881,
        0.464158883361278,
        0.4862601580065355,
        0.5094138014816381,
        0.533669923120631,
        0.5590810182512224,
        0.5857020818056667,
        0.6135907273413174,
        0.6428073117284322,
        0.6734150657750824,
        0.7054802310718644,
        0.739072203352578,
        0.7742636826811272,
        0.8111308307896873,
        0.8497534359086445,
        0.8902150854450388,
        0.9326033468832199,
        0.9770099572992254,
        1.0235310218990263,
        1.0722672220103238,
        1.1233240329780276,
        1.1768119524349985,
        1.2328467394420666,
        1.291549665014884,
        1.3530477745798075,
        1.4174741629268055,
        1.484968262254465,
        1.5556761439304723,
        1.6297508346206444,
        1.7073526474706913,
        1.7886495290574351,
        1.873817422860385,
        1.9630406500402715,
        2.0565123083486516,
        2.1544346900318843,
        2.25701971963392,
        2.3644894126454084,
        2.4770763559917115,
        2.5950242113997373,
        2.7185882427329413,
        2.848035868435802,
        2.9836472402833403,
        3.1257158496882367,
        3.27454916287773,
        3.4304692863149193,
        3.5938136638046276,
        3.764935806792469,
        3.944206059437656,
        4.132012400115339,
        4.328761281083059,
        4.5348785081285845,
        4.750810162102798,
        4.977023564332112,
        5.214008287999687,
        5.462277217684343,
        5.72236765935022,
        5.994842503189412,
        6.280291441834256,
        6.5793322465756825,
        6.892612104349698,
        7.220809018385467,
        7.56463327554629,
        7.924828983539178,
        8.302175681319747,
        8.697490026177835,
        9.111627561154895,
        9.545484566618342,
        10.0
    ],
    "risk": [
        2.7777777777777777,
        2.8551532033426184,
        3.011204481792717,
        3.1690140845070425,
        3.409090909090909,
        3.5714285714285716,
        3.735632183908046,
        3.985507246376812,
        4.239766081871345,
        4.411764705882353,
        4.673590504451038,
        4.9401197604790426,
        5.211480362537764,
        5.581039755351682,
        5.864197530864197,
        6.25,
        6.6455696202531644,
        7.051282051282051,
        7.467532467532467,
        7.894736842105263,
        8.444816053511705,
        9.013605442176871,
        9.602076124567477,
        10.211267605633802,
        10.971223021582732,
        11.63003663003663,
        12.593984962406015,
        13.461538461538462,
        14.525691699604742,
        15.65040650406504,
        16.84100418410042,
        18.29004329004329,
        19.84304932735426,
        21.511627906976745,
        23.54368932038835,
        25.76142131979695,
        28.475935828877002,
        31.497175141242938,
        35.24096385542168,
        39.51612903225807,
        44.930069930069926,
        51.33587786259542,
        59.7457627118644,
        70.23809523809526,
        84.89010989010988,
        106.57894736842108,
        138.93442622950823,
        202.2727272727273,
        345.3703703703703,
        974.9999999999991,
        1116.0622113556117,
        371.8624833110811,
        228.63619835462018,
        176.36778115501517,
        149.97110078736722,
        136.78829190056135,
        129.56339062151778,
        126.2303631487079,
        125.04281382974077,
        125.35051128298716,
        126.59178952393191,
        128.4961835236372,
        130.87190587190588,
        133.49308151078228,
        136.32434444536355,
        139.20763136956447,
        142.16235724489258,
        145.14204821512178,
        148.11052861511578,
        151.04006163328197,
        153.96877887908386,
        156.7593526244394,
        159.51511842997857,
        162.17027342135552,
        164.76470588235293,
        167.24632547288343,
        169.69039820513746,
        172.0127213758976,
        174.24910930382887,
        176.42578991007628,
        178.5078015610858,
        180.5200804180279,
        182.43566262219582,
        184.29824561403507,
        186.0631775228343,
        187.7692504749909,
        189.39658995712807,
        190.9609458338272,
        192.46057759981647,
        193.9068230071415,
        195.2747692793625,
        196.59850291978654,
        197.8558577014545,
        199.0574576938213,
        200.2112858393331,
        201.3162237993068,
        202.37192212742792,
        203.38448013794954,
        204.35313646271044,
        205.27777777777777
    ]
}