{
    "n_train": 400,
    "alpha": 10,
    "sigma": 5,
    "seed": 12341234,
    "emp_psi": [
        0.1,
        0.10092715146305713,
        0.10186289902446875,
        0.10280732238308653,
        0.10376050197669118,
        0.1047225189888435,
        0.10569345535579884,
        0.10667339377348577,
        0.10766241770454933,
        0.10866061138545974,
        0.10966805983368685,
        0.11068484885494126,
        0.11171106505048242,
        0.11274679582449466,
        0.11379212939153148,
        0.11484715478402893,
        0.11591196185988854,
        0.11698664131013073,
        0.118071284666619,
        0.11916598430985591,
        0.12027083347685116,
        0.1213859262690628,
        0.12251135766041187,
        0.12364722350537154,
        0.12479362054713111,
        0.1259506464258358,
        0.12711839968690286,
        0.1282969797894148,
        0.12948648711459046,
        0.13068702297433465,
        0.13189868961986703,
        0.1331215902504308,
        0.1343558290220826,
        0.13560151105656337,
        0.13685874245025187,
        0.138127630283201,
        0.1394082826282578,
        0.1407008085602685,
        0.14200531816536824,
        0.1433219225503574,
        0.14465073385216465,
        0.14599186524739785,
        0.14734543096198352,
        0.14871154628089536,
        0.15009032755797358,
        0.15148189222583458,
        0.15288635880587303,
        0.15430384691835647,
        0.15573447729261344,
        0.15717837177731628,
        0.15863565335085905,
        0.16010644613183178,
        0.16159087538959183,
        0.16308906755493327,
        0.16460115023085506,
        0.1661272522034293,
        0.16766750345277,
        0.16922203516410372,
        0.17079097973894278,
        0.17237447080636198,
        0.17397264323438016,
        0.17558563314144687,
        0.17721357790803594,
        0.1788566161883462,
        0.1805148879221109,
        0.18218853434651672,
        0.18387769800823278,
        0.1855825227755519,
        0.18730315385064375,
        0.18903973778192215,
        0.1907924224765266,
        0.1925613572129198,
        0.19434669265360208,
        0.1961485808579431,
        0.1979671752951333,
        0.19980263085725503,
        0.2016551038724747,
        0.20352475211835772,
        0.20541173483530648,
        0.20731621274012307,
        0.20923834803969774,
        0.21117830444482438,
        0.2131362471841438,
        0.21511234301821666,
        0.2171067602537265,
        0.21911966875781486,
        0.22115123997254887,
        0.22320164692952335,
        0.22527106426459803,
        0.22735966823277162,
        0.22946763672319362,
        0.23159514927431532,
        0.2337423870891815,
        0.2359095330508635,
        0.23809677173803584,
        0.24030428944069684,
        0.2425322741760353,
        0.24478091570444416,
        0.24705040554568256,
        0.24934093699518792,
        0.25165270514053917,
        0.25398590687807254,
        0.2563407409296515,
        0.25871740785959224,
        0.26111611009174596,
        0.26353705192673943,
        0.26598043955937584,
        0.2684464810961964,
        0.27093538657320515,
        0.2734473679737581,
        0.27598263924661803,
        0.2785414163241767,
        0.2811239171408464,
        0.2837303616516213,
        0.2863609718508116,
        0.289015971790951,
        0.2916955876018796,
        0.29440004751000354,
        0.2971295818577334,
        0.29988442312310293,
        0.30266480593956924,
        0.30547096711599697,
        0.30830314565682765,
        0.31116158278243605,
        0.31404652194967514,
        0.3169582088726116,
        0.3198968915434537,
        0.32286282025367313,
        0.32585624761532256,
        0.3288774285825511,
        0.3319266204733189,
        0.33500408299131335,
        0.33811007824806844,
        0.34124487078528903,
        0.3444087275973823,
        0.34760191815419783,
        0.35082471442397917,
        0.35407739089652707,
        0.35736022460657874,
        0.3606734951574029,
        0.36401748474461404,
        0.3673924781802074,
        0.37079876291681707,
        0.37423662907219807,
        0.37770636945393665,
        0.3812082795843888,
        0.38474265772585037,
        0.3883098049059605,
        0.39191002494334043,
        0.39554362447347013,
        0.39921091297480515,
        0.4029122027951348,
        0.4066478091781856,
        0.4104180502904709,
        0.4142232472483896,
        0.4180637241455758,
        0.42193980808050263,
        0.42585182918434145,
        0.42980012064907963,
        0.4337850187558989,
        0.4378068629038169,
        0.44186599563859413,
        0.4459627626819093,
        0.45009751296080464,
        0.45427059863740454,
        0.4584823751389096,
        0.4627332011878691,
        0.4670234388327334,
        0.47135345347869084,
        0.4757236139187888,
        0.48013429236534516,
        0.4845858644816494,
        0.4890787094139591,
        0.4936132098237916,
        0.4981897519205161,
        0.5028087254942479,
        0.5074705239490467,
        0.512175544336424,
        0.51692418738916,
        0.5217168575554347,
        0.5265539630332757,
        0.531435915805324,
        0.5363631316739241,
        0.541336030296538,
        0.5463550352214878,
        0.5514205739240301,
        0.5565330778427647,
        0.5616929824163808,
        0.5669007271207436,
        0.572156755506325,
        0.5774615152359821,
        0.5828154581230844,
        0.5882190401699956,
        0.5936727216069123,
        0.5991769669310619,
        0.6047322449462645,
        0.6103390288028622,
        0.6159977960380165,
        0.6217090286163827,
        0.6274732129711578,
        0.6332908400455115,
        0.6391624053344003,
        0.6450884089267692,
        0.6510693555481458,
        0.6571057546036271,
        0.6631981202212672,
        0.6693469712958661,
        0.6755528315331643,
        0.6818162294944479,
        0.6881376986415667,
        0.6945177773823696,
        0.7009570091165621,
        0.7074559422819878,
        0.7140151304013399,
        0.7206351321293052,
        0.7273165113001457,
        0.7340598369757212,
        0.7408656834939564,
        0.7477346305177587,
        0.7546672630843889,
        0.761664171655289,
        0.768725952166373,
        0.7758532060787834,
        0.7830465404301185,
        0.7903065678861346,
        0.7976339067929274,
        0.8050291812295979,
        0.812493021061405,
        0.8200260619934129,
        0.8276289456246346,
        0.8353023195026776,
        0.843046837178897,
        0.8508631582640579,
        0.8587519484845173,
        0.8667138797389231,
        0.8747496301554417,
        0.8828598841495148,
        0.8910453324821516,
        0.899306672318762,
        0.9076446072885359,
        0.9160598475443708,
        0.9245531098233573,
        0.9331251175078248,
        0.9417766006869521,
        0.9505082962189507,
        0.9593209477938242,
        0.9682153059967081,
        0.9771921283717997,
        0.9862521794868779,
        0.9953962309984233,
        1.004625061717341,
        1.0139394576752918,
        1.0233402121916417,
        1.0328281259410286,
        1.0424040070215563,
        1.052068671023623,
        1.061822941099384,
        1.0716676480328633,
        1.08160363031071,
        1.0916317341936148,
        1.1017528137883867,
        1.111967731120699,
        1.1222773562085078,
        1.1326825671361538,
        1.1431842501291498,
        1.1537832996296609,
        1.1644806183726861,
        1.1752771174629453,
        1.1861737164524786,
        1.1971713434189668,
        1.2082709350447765,
        1.2194734366967384,
        1.2307798025066652,
        1.2421909954526174,
        1.2537079874409203,
        1.2653317593889428,
        1.277063301308644,
        1.2889036123908928,
        1.3008537010905712,
